---------------------------------------------------------- DENTAL Version 1.01.300106----------------------------------------
-- SQL สำหรับสร้างตารางที่ใช้ใน Module ทันตกรรม 
-- สร้างตาราง f_dental_treat_type
CREATE TABLE f_dental_treat_type (
    f_dental_treat_type_id character varying(255),
    f_dental_treat_type_description character varying(255)
);
ALTER TABLE ONLY f_dental_treat_type
    ADD CONSTRAINT f_dental_treat_type_id PRIMARY KEY (f_dental_treat_type_id);
ALTER INDEX public.f_dental_treat_type_id OWNER TO postgres;
INSERT INTO f_dental_treat_type VALUES ('1', 'รักษาเกี่ยวกับฟัน');
INSERT INTO f_dental_treat_type VALUES ('2', 'รักษาอวัยวะอื่นๆ ทางทันตกรรม นอกจากฟัน');

-- สร้างตาราง f_dental_outsite_type
CREATE TABLE f_dental_outsite_type(
	 f_dental_outsite_type_id  varchar(255) NOT NULL,
	 dental_outsite_type_description  varchar(255)
) ;
ALTER TABLE ONLY f_dental_outsite_type
    ADD CONSTRAINT f_dental_outsite_type_id PRIMARY KEY (f_dental_outsite_type_id);
ALTER INDEX public.f_dental_outsite_type_id OWNER TO postgres;
INSERT INTO f_dental_outsite_type VALUES ('1', 'โรงเรียน');
INSERT INTO f_dental_outsite_type VALUES ('2', 'สถานีอนามัย');
INSERT INTO f_dental_outsite_type VALUES ('3', 'อื่นๆ');

-- สร้างตาราง b_dental_item
CREATE TABLE b_dental_item(
	b_dental_item_id varchar(255) NOT NULL,
	b_item_id varchar(255) ,
	b_dental_item_subgroup_id varchar(255) ,
	b_item_subgroup_id varchar(255) ,
	b_item_billing_subgroup_id varchar(255) ,
	b_dental_uom_id varchar(255) ,
	dental_item_active varchar(255) 
) ;
ALTER TABLE ONLY b_dental_item
    ADD CONSTRAINT b_dental_item_id PRIMARY KEY (b_dental_item_id);
ALTER INDEX public.b_dental_item_id OWNER TO postgres;

-- สร้างตาราง b_dental_item_subgroup
CREATE TABLE b_dental_item_subgroup(
	b_dental_item_subgroup_id varchar(255) NOT NULL,
	b_item_subgroup_id varchar(255) ,
	dental_item_subgroup_number varchar(255) ,
	dental_item_subgroup_description varchar(255) ,
	dental_item_subgroup_active varchar(255)
) ;
ALTER TABLE ONLY b_dental_item_subgroup
    ADD CONSTRAINT b_dental_item_subgroup_id PRIMARY KEY (b_dental_item_subgroup_id);
ALTER INDEX public.b_dental_item_subgroup_id OWNER TO postgres;

-- สร้างตาราง b_dental_outsite_other
CREATE TABLE b_dental_outsite_other(
	b_dental_outsite_other_id varchar(255) NOT NULL,
	dental_outsite_other_description  varchar(255) ,
	dental_outsite_other_active  varchar(255)
) ;
ALTER TABLE ONLY b_dental_outsite_other
    ADD CONSTRAINT b_dental_outsite_other_id PRIMARY KEY (b_dental_outsite_other_id);
ALTER INDEX public.b_dental_outsite_other_id OWNER TO postgres;

-- สร้างตาราง b_dental_school
CREATE TABLE b_dental_school(
	b_dental_school_id varchar(255) NOT NULL,
	dental_school_description  varchar(255) ,
	dental_school_active  varchar(255)
) ;
ALTER TABLE ONLY b_dental_school
    ADD CONSTRAINT b_dental_school_id PRIMARY KEY (b_dental_school_id);
ALTER INDEX public.b_dental_school_id OWNER TO postgres;

-- สร้างตาราง t_dental_outsite
CREATE TABLE t_dental_outsite(
	t_dental_outsite_id varchar(255) NOT NULL, 
	f_dental_outsite_type_id  varchar(255) ,
	b_dental_school_id  varchar(255) ,
	b_visit_office_id  varchar(255) ,
	b_dental_outsite_other_id  varchar(255) ,
	dental_outsite_description  varchar(255) ,
	dental_outsite_date_time  varchar(255) ,
	dental_outsite_staff_record  varchar(255) ,
	dental_outsite_staff_modify  varchar(255) ,
	dental_outsite_staff_cancel  varchar(255) ,
	dental_outsite_record_date_time  varchar(255) ,
	dental_outsite_modify_date_time  varchar(255) ,
	dental_outsite_cancel_date_time  varchar(255) ,
	dental_outsite_active  varchar(255) 
) ;
ALTER TABLE ONLY t_dental_outsite
    ADD CONSTRAINT t_dental_outsite_id PRIMARY KEY (t_dental_outsite_id);
ALTER INDEX public.t_dental_outsite_id OWNER TO postgres;

-- สร้างตาราง t_dental_outsite_order
CREATE TABLE t_dental_outsite_order(
	t_dental_outsite_order_id varchar(255) NOT NULL,
	t_dental_outsite_id varchar(255) ,
	b_dental_item_id varchar(255) ,
	b_item_id varchar(255) ,
	f_dental_group_age_id varchar(255) ,
	b_dental_uom_id varchar(255) ,
	dental_outsite_order_person_amount varchar(255) ,
	dental_outsite_order_work_amount varchar(255) ,
	dental_outsite_order_staff_record varchar(255) ,
	dental_outsite_order_staff_modify varchar(255) ,
	dental_outsite_order_staff_cancel varchar(255) ,
	dental_outsite_order_record_date_time varchar(255) ,
	dental_outsite_order_modify_date_time varchar(255) ,
	dental_outsite_order_cancel_date_time varchar(255) ,
	dental_outsite_order_active varchar(255)
) ;
ALTER TABLE ONLY t_dental_outsite_order
    ADD CONSTRAINT t_dental_outsite_order_id PRIMARY KEY (t_dental_outsite_order_id);
ALTER INDEX public.t_dental_outsite_order_id OWNER TO postgres;

-- เพิ่มรายการกลุ่มในกลุ่มรายการ Order  เป็นกลุ่มที่ 6 รายการทันตกรรม
INSERT INTO f_item_group VALUES ('6','ทันตกรรม');
-- เพิ่มรายการกลุ่มในกลุ่มรายการ Billing  เป็นกลุ่มที่ 10 รายการทันตกรรม
INSERT INTO f_item_billing_group VALUES ('10','ทันตกรรม');

-- สร้างตาราง b_dental_organ
CREATE TABLE b_dental_organ (
    b_dental_organ_id character varying(255) NOT NULL,
    dental_organ_number character varying(255),
    dental_organ_description character varying(255),
    dental_organ_active character varying(255)
);
ALTER TABLE ONLY b_dental_organ
    ADD CONSTRAINT b_dental_organ_id PRIMARY KEY (b_dental_organ_id);
ALTER INDEX public.b_dental_organ_id OWNER TO postgres;
INSERT INTO b_dental_organ VALUES ('DT2040000000001', '01', 'เหงือก', '1');

-- สร้างตาราง b_dental_uom
CREATE TABLE b_dental_uom (
    b_dental_uom_id character varying(255) NOT NULL,
    dental_uom_number character varying(255),
    dental_uom_description character varying(255),
    dental_uom_active character varying(255)
);
ALTER TABLE ONLY b_dental_uom
    ADD CONSTRAINT b_dental_uom_id PRIMARY KEY (b_dental_uom_id);
ALTER INDEX public.b_dental_uom_id OWNER TO postgres;

--สร้างตาราง t_dental_treat
CREATE TABLE t_dental_treat (
    t_dental_treat_id character varying(255) NOT NULL,
    t_patient_id character varying(255),
    t_vist_id character varying(255),
    t_diag_icd_10_id character varying(255),
    f_dental_treat_type_id character varying(255),
    dental_treat_tooth character varying(255),
    dental_treat_side_m character varying(255),
    dental_treat_side_l character varying(255),
    dental_treat_side_d character varying(255),
    dental_treat_side_b character varying(255),
    dental_treat_side_o character varying(255),
    dental_treat_side_r character varying(255),
    b_dental_organ_id character varying(255),    
    dental_treat_staff_record character varying(255),
    dental_treat_staff_modify character varying(255),
    dental_treat_staff_cancel character varying(255),
    dental_treat_record_date_time character varying(255),
    dental_treat_modify_date_time character varying(255),
    dental_treat_cancel_date_time character varying(255),
    dental_treat_active character varying(255)
);
ALTER TABLE ONLY t_dental_treat
    ADD CONSTRAINT t_dental_treat_pkey PRIMARY KEY (t_dental_treat_id);
ALTER INDEX public.t_dental_treat_pkey OWNER TO postgres;

-- สร้างตาราง f_dental_group_age
CREATE TABLE f_dental_group_age (
    f_dental_group_age_id character varying(255) NOT NULL,
    dental_group_age_description character varying(255)
);
ALTER TABLE ONLY f_dental_group_age
    ADD CONSTRAINT f_dental_group_age_pkey PRIMARY KEY (f_dental_group_age_id);
ALTER INDEX public.f_dental_group_age_pkey OWNER TO postgres;
INSERT INTO f_dental_group_age VALUES ('1', '0-5 ปี');
INSERT INTO f_dental_group_age VALUES ('2', '6-12 ปี');
INSERT INTO f_dental_group_age VALUES ('3', '13-59 ปี');
INSERT INTO f_dental_group_age VALUES ('4', '60 ปีขึ้นไป');

-- สร้างตาราง t_dental_order
CREATE TABLE t_dental_order (
    t_dental_order_id character varying(255) NOT NULL,
    t_dental_treat_id character varying(255),
    t_order_id character varying(255),
    b_dental_uom_id character varying(255),
    dental_treat_comment character varying(4000),
    dental_order_active character varying(255)
);
ALTER TABLE ONLY t_dental_order
    ADD CONSTRAINT t_dental_order_pkey PRIMARY KEY (t_dental_order_id);
ALTER INDEX public.t_dental_order_pkey OWNER TO postgres;

--SQL สำหรับการเพิ่ม
--ICD9
INSERT INTO b_icd9 VALUES ('0541592369604', '23.12','Surgical splint','Surgical splint');
INSERT INTO b_icd9 VALUES ('0541592369605', '23.13','Unspecified maxillofacial prosthesis','Unspecified maxillofacial prosthesis');
INSERT INTO b_icd9 VALUES ('0541592369606', '23.22','Preventive resin restoration','Preventive resin restoration');
INSERT INTO b_icd9 VALUES ('0541592369607', '23.23','Sealant per tooth','Sealant per tooth');
INSERT INTO b_icd9 VALUES ('0541592369608', '23.24','Topical application of fluoride, including prophylaxis','Topical application of fluoride, including prophylaxis');
INSERT INTO b_icd9 VALUES ('0541592369609', '23.25','Oral administration of fluoride tablet for prebentive purpose','Oral administration of fluoride tablet for prebentive purpose');
INSERT INTO b_icd9 VALUES ('0541592369610', '23.26','Dental medication','Dental medication');
INSERT INTO b_icd9 VALUES ('0541592369611', '23.31','Restoration of tooth by onlay','Restoration of tooth by onlay');
INSERT INTO b_icd9 VALUES ('0541592369612', '23.32','Prefabricated stainless steel crown','Prefabricated stainless steel crown');	
INSERT INTO b_icd9 VALUES ('0541592369613', '23.33','Prefabricated resin crown','Prefabricated resin crown');			
INSERT INTO b_icd9 VALUES ('0541592369614', '23.34','Labial veneer','Labial veneer');		
INSERT INTO b_icd9 VALUES ('0541592369615', '23.35','Tooth preparation and other steps in the process of inlay/onlay, post and core, crown, and lavial veneer','Tooth preparation and other steps in the process of inlay/onlay, post and core, crown, and lavial veneer');		
INSERT INTO b_icd9 VALUES ('0541592369616', '23.36','Bleaching of discolored tooth, vital','Bleaching of discolored tooth, vital');		
INSERT INTO b_icd9 VALUES ('0541592369617', '23.37','Bleaching of discolored tooth, mnon vital','Bleaching of discolored tooth, mnon vital');		
INSERT INTO b_icd9 VALUES ('0541592369618', '23.38','Temporary crown','Temporary crown');		
INSERT INTO b_icd9 VALUES ('0541592369619', '23.44','Core buildup, including any pins','Core buildup, including any pins');
INSERT INTO b_icd9 VALUES ('0541592369620', '23.45','Cast post and core in addition to crown/fixed partial denture retainer','Cast post and core in addition to crown/fixed partial denture retainer');		
INSERT INTO b_icd9 VALUES ('0541592369621', '23.46','Recement crown/fixed partial denture','Recement crown/fixed partial denture');		
INSERT INTO b_icd9 VALUES ('0541592369622', '23.47','Unspecified prosthesis procedure','Unspecified prosthesis procedure');
INSERT INTO b_icd9 VALUES ('0541592369623', '23.9','Complete denture,upper and lower arch','Complete denture,upper and lower arch');
INSERT INTO b_icd9 VALUES ('0541592369624', '23.91','Single complete denture','Single complete denture');		
INSERT INTO b_icd9 VALUES ('0541592369625', '23.92','Acrylic partial denture','Acrylic partial denture');			
INSERT INTO b_icd9 VALUES ('0541592369626', '23.93','Metallic partial denture','Metallic partial denture');		
INSERT INTO b_icd9 VALUES ('0541592369627', '23.94','Adjust complete/partial denture','Adjust complete/partial denture');		
INSERT INTO b_icd9 VALUES ('0541592369628', '23.95','Repair broken denture base','Repair broken denture base');		
INSERT INTO b_icd9 VALUES ('0541592369629', '23.96','Replace missing or broken teeth- complete/partial denture','Replace missing or broken teeth- complete/partial denture');
INSERT INTO b_icd9 VALUES ('0541592369630', '23.97','Reline complete/partial denture','Reline complete/partial denture');
INSERT INTO b_icd9 VALUES ('0541592369631', '23.98','Rebase complete/partial denture','Rebase complete/partial denture');		
INSERT INTO b_icd9 VALUES ('0541592369632', '23.99','Tissue conditioning-complete/partial denture','Tissue conditioning-complete/partial denture');		
INSERT INTO b_icd9 VALUES ('0541592369633', '24.21','Periodontal scaling and root planing, per quarant','Periodontal scaling and root planing, per quarant');		
INSERT INTO b_icd9 VALUES ('0541592369634', '24.22','Periodontal maintenance procedures, following active therapy, full mouth','Periodontal maintenance procedures, following active therapy, full mouth');			
INSERT INTO b_icd9 VALUES ('0541592369635', '24.23','Provisional splinting','Provisional splinting');	
INSERT INTO b_icd9 VALUES ('0541592369636', '24.24','Clinical crown lengthening- hard tissue','Clinical crown lengthening- hard tissue');			
INSERT INTO b_icd9 VALUES ('0541592369637', '24.25','Gingival curettage','Gingival curettage');			
INSERT INTO b_icd9 VALUES ('0541592369638', '24.26','Gingival flap procedure, including root planing','Gingival flap procedure, including root planing');		
INSERT INTO b_icd9 VALUES ('0541592369639', '24.27','Other periodontal surgery','Other periodontal surgery');
INSERT INTO b_icd9 VALUES ('0541592369640', '24.28','Periodontal surgery; post- operative procedure','Periodontal surgery; post- operative procedure');
INSERT INTO b_icd9 VALUES ('0541592369641', '24.92','Non-surgical treatment of oro-facial pain and TMJ service e.g.: physiotherapy, jaw exercise, occlusal splint, acupuncture medication','Non-surgical treatment of oro-facial pain and TMJ service e.g.: physiotherapy, jaw exercise, occlusal splint, acupuncture medication');	
INSERT INTO b_icd9 VALUES ('0541592369642', '24.93','Oral hygiene instructions','Oral hygiene instructions');		
INSERT INTO b_icd9 VALUES ('0541592369643', '24.94','Occlusion analysis-monted case','Occlusion analysis-monted case');		
INSERT INTO b_icd9 VALUES ('0541592369644', '24.95','Occlusal guard','Occlusal guard');		
INSERT INTO b_icd9 VALUES ('0541592369645', '24.96','Occlusal adjustment','Occlusal adjustment');
INSERT INTO b_icd9 VALUES ('0541592369646', '24.97','Consultation','Consultation');
INSERT INTO b_icd9 VALUES ('0541592369647', '24.98','Dental diagnostic casts','Dental diagnostic casts');		

--ICD10
INSERT INTO b_icd10 VALUES ('550000039053', 'K02.5','Improper restoration','Improper restoration','2250000000011');
INSERT INTO b_icd10 VALUES ('550000039054', 'K02.6','Sound tooth','Sound tooth','2250000000011');
INSERT INTO b_icd10 VALUES ('550000039055', 'K02.7','Deep pit and fissure teeth','Deep pit and fissure teeth','2250000000011');
INSERT INTO b_icd10 VALUES ('550000039056', 'K0', 'DISEASE OF ORAL CAVITY,SALIVARY GLAND AND JAWS', 'DIS. OF ORAL CAVITY', '2250000000011');
INSERT INTO b_icd10 VALUES ('550000039057', 'K00.00', 'ANODONTIA, PARTIAL (HYPODONTIA,OLIGODONTIA)', 'ANODONTIA, PARTIAL', '2250000000011');
INSERT INTO b_icd10 VALUES ('550000039058', 'K00.01', 'ANODONTIA ,TOTAL', 'ANODONTIA ,TOTAL', '2250000000011');
INSERT INTO b_icd10 VALUES ('550000039059', 'K00.09', 'ANODONTIA ,UNSPECIFIED', 'ANODONTIA, UNSPECIFY', '2250000000011');
INSERT INTO b_icd10 VALUES ('550000039060', 'K00.10', 'SUPERNUMERARY TEETH, INCISOR/CANINE REGIONS INCLUDE MESIODENS', 'SUPERNUMERARY TEETH,', '2250000000011');
INSERT INTO b_icd10 VALUES ('550000039061', 'K00.11', 'SUPERNUMERARY TEETH, PREMOLAR REGION', 'SUPERNUMERARY TEETH,', '2250000000011');
INSERT INTO b_icd10 VALUES ('550000039062', 'K00.12', 'SUPERNUMERARY T., MOLAR REGION INC. DISTOMOLAR, FOURTH MOLAR,PARAMOLAR', 'SUPERNUMERARY TEETH,', '2250000000011');
INSERT INTO b_icd10 VALUES ('550000039063', 'K00.19', 'SUPERNUMERARY TEETH, UNSPECIFIED', 'SUPERNUMERARY TEETH,', '2250000000011');
INSERT INTO b_icd10 VALUES ('550000039064', 'K00.20', 'MACRODONTIA', 'MACRODONTIA', '2250000000011');
INSERT INTO b_icd10 VALUES ('550000039065', 'K00.21', 'MICRODONTIA', 'MICRODONTIA', '2250000000011');
INSERT INTO b_icd10 VALUES ('550000039066', 'K00.22', 'CONCRESCENCE', 'CONCRESCENCE', '2250000000011');
INSERT INTO b_icd10 VALUES ('550000039067', 'K00.23', 'FUSION ,GERMINATION INCLUDE SCHIZODONTIA AND SYNODONTIA', 'FUSION,GERMINATION', '2250000000011');
INSERT INTO b_icd10 VALUES ('550000039068', 'K00.24', 'DENS EVAGINATUS (TUBERCULUM OCCLUSAL) INCLUDE OCCULSAL TUBRECULUM', 'DENS EVAGINATUS', '2250000000011');
INSERT INTO b_icd10 VALUES ('550000039069', 'K00.25', 'DENS INVAGINATUS AND INCISOR ANOMALIES INC. PEG-SHAPE,PALATAL GROOVE', 'INCISOR ANOMALIES', '2250000000011');
INSERT INTO b_icd10 VALUES ('550000039070', 'K00.26', 'PREMOLARIZATION', 'PREMOLARIZATION', '2250000000011');
INSERT INTO b_icd10 VALUES ('550000039071', 'K00.27', 'ABNORMAL TUBERCULA ,ENAMEL PEARL(ENAMELOMA) EXCLUDE DENS EVAGINATUS', 'ABNORMAL TUBERCULA', '2250000000011');
INSERT INTO b_icd10 VALUES ('550000039072', 'K00.28', 'TAURODONTISM', 'TAURODONTISM', '2250000000011');
INSERT INTO b_icd10 VALUES ('550000039073', 'K00.29', 'ABNORMAL SIZE/FORM OF TEETH,UNSPECIFIED', 'ABNORMAL SIZE/FORM', '2250000000011');
INSERT INTO b_icd10 VALUES ('550000039074', 'K00.30', 'ENDEMIC (FLUORIDE) MOTTLING OF ENAMEL', 'DENTAL FLUOROSIS', '2250000000011');
INSERT INTO b_icd10 VALUES ('550000039075', 'K00.31', 'NON-ENDEMIC MOTTLING OF ENAMEL NON-FLUORIDE ENAMEL OPACITIES', 'NON-ENDEMIC MOTTLING', '2250000000011');
INSERT INTO b_icd10 VALUES ('550000039076', 'K00.39', 'MOTTLED TEETH,UNSPECIFIED', 'MOTTLED TEETH,UNSPEC', '2250000000011');
INSERT INTO b_icd10 VALUES ('550000039077', 'K00.40', 'ENAMEL HYPOPLASIA', 'ENAMEL HYPOPLASIA', '2250000000011');
INSERT INTO b_icd10 VALUES ('550000039078', 'K00.41', 'PRENATAL ENAMEL HYPOPLASIA', 'PRENATAL ENAMEL HYPO', '2250000000011');
INSERT INTO b_icd10 VALUES ('550000039079', 'K00.42', 'NEONATAL ENAMEL HYPOPLASIA', 'NEONATAL ENAMEL HYPO', '2250000000011');
INSERT INTO b_icd10 VALUES ('550000039080', 'K00.43', 'APLASIA OR HYPOPLASIA OF CEMENTUM', 'APLASIA OF CEMENTUM', '2250000000011');
INSERT INTO b_icd10 VALUES ('550000039081', 'K00.44', 'DILACERATION', 'DILACERATION', '2250000000011');
INSERT INTO b_icd10 VALUES ('550000039082', 'K00.45', 'ODONTODYSPLASIA REGIONAL ODONTODYSPLASIA', 'ODONTODYSPLASIA', '2250000000011');
INSERT INTO b_icd10 VALUES ('550000039083', 'K00.46', 'TURNER TOOTH', 'TURNER TOOTH', '2250000000011');
INSERT INTO b_icd10 VALUES ('550000039084', 'K00.48', 'DISTURBANCE IN TOOTH FORMATION,OTHER', 'DISTURB T. FORMATION', '2250000000011');
INSERT INTO b_icd10 VALUES ('550000039085', 'K00.49', 'DISTURBANCE IN TOOTH FORMATION,UNSPECIFIED', 'DISTURB T. FORMATION', '2250000000011');
INSERT INTO b_icd10 VALUES ('550000039086', 'K00.50', 'AMELOGENESIS IMPERFECTA', 'AMELOGENESIS IMPERFE', '2250000000011');
INSERT INTO b_icd10 VALUES ('550000039087', 'K00.51', 'DENTINOGENESIS IMPERFECTA', 'DENTINOGENESIS IMPER', '2250000000011');
INSERT INTO b_icd10 VALUES ('550000039088', 'K00.52', 'ODONTOGENESIS IMPERFECTA', 'ODONTOGENESIS IMPERF', '2250000000011');
INSERT INTO b_icd10 VALUES ('550000039089', 'K00.58', 'OTHER HEREDITARY DISTURBANCE IN T. STRUC.,SHELL TEETH,DENTINAL DYSPLA', 'SHELL TEETH', '2250000000011');
INSERT INTO b_icd10 VALUES ('550000039090', 'K00.59', 'HEREDITARY DISTURBANCE IN TOOTH STRUCTURE,UNSPECIFIED', 'HEREDITARY DISTURBAN', '2250000000011');
INSERT INTO b_icd10 VALUES ('550000039091', 'K00.60', 'NATAL TEETH', 'NATAL TEETH', '2250000000011');
INSERT INTO b_icd10 VALUES ('550000039092', 'K00.61', 'NEONATAL TEETH', 'NEONATAL TEETH', '2250000000011');
INSERT INTO b_icd10 VALUES ('550000039093', 'K00.62', 'PREMATURE ERUPTION (DENTITAA PRAECOX)', 'PRMATURE ERUPTION', '2250000000011');
INSERT INTO b_icd10 VALUES ('550000039094', 'K00.63', 'RETAINED (PERSISTANT) PRIMARY TEETH', 'RR. PRIMARY TOOTH', '2250000000011');
INSERT INTO b_icd10 VALUES ('550000039095', 'K00.64', 'LATE ERUPTION', 'LATE ERUPTION', '2250000000011');
INSERT INTO b_icd10 VALUES ('550000039096', 'K00.65', 'PREMATURE SHEDDING OF PRIMARY TOOTH', 'PREMATURE SHEDDING', '2250000000011');
INSERT INTO b_icd10 VALUES ('550000039097', 'K00.68', 'DISTURBANCE IN TOOTH ERUPTION, OTHER', 'DISTURBANCE IN TOOTH', '2250000000011');
INSERT INTO b_icd10 VALUES ('550000039098', 'K00.69', 'DISTURBANCE IN TOOTH ERUPTION, UNSPECIFIED', 'DISTURBANCE IN TOOTH', '2250000000011');
INSERT INTO b_icd10 VALUES ('550000039099', 'K00.80', 'COLOUR CHANGE DURING TOOTH FORMATION/DUE TO BLOOD TYPE INCOMPATIBILITY', 'COLOUR CHANGE', '2250000000011');
INSERT INTO b_icd10 VALUES ('550000039100', 'K00.81', 'COLOUR CHANGE DURING TOOTH FORMATION/DUE TO MALFORM OF BILIARY SYSTEM', 'COLOUR CHANGE', '2250000000011');
INSERT INTO b_icd10 VALUES ('550000039101', 'K00.82', 'COLOUR CHANGE DURING TOOTH FORMATION/DUE TO PORPHYRIA', 'COLOUR CHANGE', '2250000000011');
INSERT INTO b_icd10 VALUES ('550000039102', 'K00.83', 'COLOUR CHANGE DURING TOOTH FORMATION/DUE TO TETRACYCLINES', 'COLOUR CHANGE', '2250000000011');
INSERT INTO b_icd10 VALUES ('550000039103', 'K00.88', 'OTHERS DISORDERS OF TOOTH DEVELOPMENT, OTHER', 'OTHERS DISORDERS', '2250000000011');
INSERT INTO b_icd10 VALUES ('550000039104', 'K00.9X', 'DISORDERS OF TOOTH DEVELOPMENT, UNSPECIFIED', 'T.DEVELOP DISORDERS', '2250000000011');
INSERT INTO b_icd10 VALUES ('550000039105', 'K01.10', 'IMPACTED TEETH, MAXILLARY INCISOR', 'IMPACTED TEETH', '2250000000011');
INSERT INTO b_icd10 VALUES ('550000039106', 'K01.11', 'IMPACTED TEETH, MANDIBULAR INCISOR', 'IMPACTED TOOTH', '2250000000011');
INSERT INTO b_icd10 VALUES ('550000039107', 'K01.12', 'IMPACTED TEETH, MAXILLARY CANINE', 'IMPACTED TEETH', '2250000000011');
INSERT INTO b_icd10 VALUES ('550000039108', 'K01.13', 'IMPACTED TEETH, MANDIBULAR CANINE', 'IMPACTED TEETH', '2250000000011');
INSERT INTO b_icd10 VALUES ('550000039109', 'K01.14', 'IMPACTED TEETH, MAXILLARY PREMOLAR', 'IMPACTED TEETH', '2250000000011');
INSERT INTO b_icd10 VALUES ('550000039110', 'K01.15', 'IMPACTED TEETH, MANDIBULAR PREMOLAR', 'IMPACTED TEETH', '2250000000011');
INSERT INTO b_icd10 VALUES ('550000039111', 'K01.16', 'IMPACTED TEETH, MAXILLARY MOLAR', 'IMPACTED TEETH', '2250000000011');
INSERT INTO b_icd10 VALUES ('550000039112', 'K01.17', 'IMPACTED TEETH, MANDIBULAR MOLAR', 'IMPACTED TEETH', '2250000000011');
INSERT INTO b_icd10 VALUES ('550000039113', 'K01.18', 'IMPACTED TEETH, SUPERNUMERARY TOOTH', 'IMPACTED TEETH', '2250000000011');
INSERT INTO b_icd10 VALUES ('550000039114', 'K01.19', 'IMPACTED TOOTH UNSPECIFIED', 'IMPACTED TOOTH', '2250000000011');
INSERT INTO b_icd10 VALUES ('550000039115', 'K03.00', 'ATTRITION (WEAR) OF TEETH,OCCLUSAL', 'ATTRITION (WEAR)', '2250000000011');
INSERT INTO b_icd10 VALUES ('550000039116', 'K03.01', 'ATTRITION (WEAR) OF TEETH,APPROXIMAL', 'ATTRITION (WEAR)', '2250000000011');
INSERT INTO b_icd10 VALUES ('550000039117', 'K03.08', 'ATTRITION (WEAR) OF TEETH,OTHER', 'ATTRITION (WEAR)', '2250000000011');
INSERT INTO b_icd10 VALUES ('550000039118', 'K03.09', 'ATTRITION (WEAR) OF TEETH,UNSPECIFIED', 'ATTRITION (WEAR)', '2250000000011');
INSERT INTO b_icd10 VALUES ('550000039119', 'K03.10', 'ABRASION,DENTRIFICE', 'ABRASION,DENTRIFICE', '2250000000011');
INSERT INTO b_icd10 VALUES ('550000039120', 'K03.11', 'ABRASION,HABITUAL', 'ABRASION,HABITUAL', '2250000000011');
INSERT INTO b_icd10 VALUES ('550000039121', 'K03.12', 'ABRASION, OCCUPATIONAL', 'ABRASION, OCCUPATION', '2250000000011');
INSERT INTO b_icd10 VALUES ('550000039122', 'K03.13', 'ABRASION, TRADITIONAL,RITUAL', 'ABRASION, TRADITIONA', '2250000000011');
INSERT INTO b_icd10 VALUES ('550000039123', 'K03.18', 'ABRASION OF TEETH,OTHER', 'ABRASION OF TEETH', '2250000000011');
INSERT INTO b_icd10 VALUES ('550000039124', 'K03.19', 'ABRASION OF TEETH,UNSPECIFIED', 'ABRASION OF TEETH', '2250000000011');
INSERT INTO b_icd10 VALUES ('550000039125', 'K03.20', 'EROSION OF TEETH, OCCUPATIONAL', 'EROSION OF TEETH', '2250000000011');
INSERT INTO b_icd10 VALUES ('550000039126', 'K03.21', 'EROSION OF TEETH, PERSISTENT REGURGITATING OR VOMITING', 'EROSION OF TEETH', '2250000000011');
INSERT INTO b_icd10 VALUES ('550000039127', 'K03.22', 'EROSION OF TEETH, DUE TO DRUGS AND MEDICAMENTS', 'EROSION OF TEETH', '2250000000011');
INSERT INTO b_icd10 VALUES ('550000039128', 'K03.23', 'EROSION OF TEETH, DRUG AND MEDICAMENTS', 'EROSION OF TEETH', '2250000000011');
INSERT INTO b_icd10 VALUES ('550000039129', 'K03.24', 'EROSION OF TEETH, IDIOPATHIC AND MEDICAMENTS', 'EROSION OF TEETH', '2250000000011');
INSERT INTO b_icd10 VALUES ('550000039130', 'K03.28', 'EROSION OF TEETH, OTHER', 'EROSION OF TEETH', '2250000000011');
INSERT INTO b_icd10 VALUES ('550000039131', 'K03.29', 'EROSION OF TEETH, UNSPECIFIED', 'EROSION OF TEETH', '2250000000011');
INSERT INTO b_icd10 VALUES ('550000039132', 'K03.30', 'RESORPTION OF TEETH,PATHOLOGICAL, EXTERNAL', 'RESORPTION OF TEETH,', '2250000000011');
INSERT INTO b_icd10 VALUES ('550000039133', 'K03.31', 'RESORPTION OF TEETH, INTERNAL,(INTERNAL GRANULOMA)', 'RESORPTION OF TEETH,', '2250000000011');
INSERT INTO b_icd10 VALUES ('550000039134', 'K03.39', 'RESORPTION OF TEETH, UNSPECIFIED', 'RESORPTION OF TEETH,', '2250000000011');
INSERT INTO b_icd10 VALUES ('550000039135', 'K03.60', 'PIGMENTED FILM', 'PIGMENTED FILM', '2250000000011');
INSERT INTO b_icd10 VALUES ('550000039136', 'K03.61', 'STAINING DUE TO TOBACCO HABIT', 'STAINING', '2250000000011');
INSERT INTO b_icd10 VALUES ('550000039137', 'K03.62', 'STAINING DUE TO BEVEL CHEWING HABIT', 'STAINING', '2250000000011');
INSERT INTO b_icd10 VALUES ('550000039138', 'K03.63', 'OTHER GROSS SOFT DEPOSITS,MATERIAL ALBA', 'MATERIA ALBA', '2250000000011');
INSERT INTO b_icd10 VALUES ('550000039139', 'K03.64', 'SUPRAGINGIVAL CALCULUS', 'SUPRAGING. CALCULUS', '2250000000011');
INSERT INTO b_icd10 VALUES ('550000039140', 'K03.65', 'SUBGINGIVAL CALCULUS', 'SUBGING. CALCULUS', '2250000000011');
INSERT INTO b_icd10 VALUES ('550000039141', 'K03.66', 'DENTAL PLAQUE', 'DENTAL PLAQUE', '2250000000011');
INSERT INTO b_icd10 VALUES ('550000039142', 'K03.68', 'DEPOSITS ON TEETH, OTHER DENTAL', 'DEPOSITS ON TEETH, O', '2250000000011');
INSERT INTO b_icd10 VALUES ('550000039143', 'K03.69', 'DEPOSITS ON TEETH, UNSPECIFIED', 'DEPOSITS ON TEETH, U', '2250000000011');
INSERT INTO b_icd10 VALUES ('550000039144', 'K03.70', 'COLOUR CHANGES ,POSTERUPTIVE,METALS AND METALLIC COMPOUNDS', 'COLOUR CHANGES', '2250000000011');
INSERT INTO b_icd10 VALUES ('550000039145', 'K03.71', 'COLOUR CHANGES ,POSTERUPTIVE,DUE TO PULPAL BLEEDING', 'COLOUR CHANGES', '2250000000011');
INSERT INTO b_icd10 VALUES ('550000039146', 'K03.72', 'COLOUR CHANGES ,POSTERUPTIVE,DUE TO CHEWING HABIT', 'COLOUR CHANGES', '2250000000011');
INSERT INTO b_icd10 VALUES ('550000039147', 'K03.78', 'COLOUR CHANGES ,POSTERUPTIVE, OTHER', 'COLOUR CHANGES', '2250000000011');
INSERT INTO b_icd10 VALUES ('550000039148', 'K03.79', 'COLOUR CHANGES ,POSTERUPTIVE, UNSPECIFIED', 'COLOUR CHANGES', '2250000000011');
INSERT INTO b_icd10 VALUES ('550000039149', 'K03.80', 'SENSITIVE DENTINE', 'SENSITIVE DENTINE', '2250000000011');
INSERT INTO b_icd10 VALUES ('550000039150', 'K03.81', 'CHANGES IN ENAMEL DUE TO IRRADIATION', 'RADIATED ENAMEL', '2250000000011');
INSERT INTO b_icd10 VALUES ('550000039151', 'K03.88', 'OTHER SPECIFIED DISEASES OF HARD TISSUES OF TEETH, OTHER', 'OTHER SPECIFIED DIS.', '2250000000011');
INSERT INTO b_icd10 VALUES ('550000039152', 'K03.9X', 'DISEASES OF HARD TISSUES OF TEETH, UNSPECIFIED', 'DISEASES OF HARD TIS', '2250000000011');
INSERT INTO b_icd10 VALUES ('550000039153', 'K04.00', 'HYPEREMIA', 'HYPEREMIA', '2250000000011');
INSERT INTO b_icd10 VALUES ('550000039154', 'K04.01', 'PULPITIS, ACUTE', 'PULPITIS, ACUTE', '2250000000011');
INSERT INTO b_icd10 VALUES ('550000039155', 'K04.02', 'PULPITIS, SUPPURATIVE(PULPAL ABSCESS)', 'PULPITIS, SUPPURATIV', '2250000000011');
INSERT INTO b_icd10 VALUES ('550000039156', 'K04.03', 'PULPITIS, CHRONIC', 'PULPITIS, CHRONIC', '2250000000011');
INSERT INTO b_icd10 VALUES ('550000039157', 'K04.04', 'PULPITIS, CHRONIC ULCERATIVE', 'CHRO. ULC. PULPITIS', '2250000000011');
INSERT INTO b_icd10 VALUES ('550000039158', 'K04.05', 'PULPITIS, CHRONIC HYPERPLASTIC (PULP POLYP)', 'CHRO. HYP. PULPITIS,', '2250000000011');
INSERT INTO b_icd10 VALUES ('550000039159', 'K04.08', 'OTHER SPECIFIED PULPITIS', 'DIS. PULP/PERIAPICAL', '2250000000011');
INSERT INTO b_icd10 VALUES ('550000039160', 'K04.09', 'PULPITIS UNSPECIFIED', 'DIS. PULP/PERIAPICAL', '2250000000011');
INSERT INTO b_icd10 VALUES ('550000039161', 'K04.3X', 'SECONDARY OR IRREGULAR DENTINE', 'SECONDARY OR IRREGUL', '2250000000011');
INSERT INTO b_icd10 VALUES ('550000039162', 'K04.60', 'DENTOALVEOLAR ABSCESS ,SINUS TO MAXILLARY ANTRUM', 'DENTOALV ABS c SINUS', '2250000000011');
INSERT INTO b_icd10 VALUES ('550000039163', 'K04.61', 'DENTOALVEOLAR ABSCESS ,SINUS TO NASAL CAVITY', 'DENTOALV ABS c SINUS', '2250000000011');
INSERT INTO b_icd10 VALUES ('550000039164', 'K04.62', 'DENTOALVEOLAR ABSCESS ,SINUS TO ORAL CAVITY', 'DENTOALV ABS c SINUS', '2250000000011');
INSERT INTO b_icd10 VALUES ('550000039165', 'K04.63', 'DENTOALVEOLAR ABSCESS ,SINUS TO SKIN', 'DENTOALV ABS c SINUS', '2250000000011');
INSERT INTO b_icd10 VALUES ('550000039166', 'K04.69', 'DENTOALVEOLAR ABSCESS ,WITH SINUS ,UNSPECIFIED', 'DENTOALV ABS c SINUS', '2250000000011');
INSERT INTO b_icd10 VALUES ('550000039167', 'K04.70', 'PERIAPICAL ABSCESS OF PULPAL ORIGIN,WITHOUT SINUS', 'CHRO. DENTOALV ABSC.', '2250000000011');
INSERT INTO b_icd10 VALUES ('550000039168', 'K04.80', 'RADICAULAR CYST, APICAL AND LATERAL', 'RADICULAR CYST', '2250000000011');
INSERT INTO b_icd10 VALUES ('550000039169', 'K04.81', 'RADICAULAR CYST, RESIDUAL', 'RADICULAR CYST', '2250000000011');
INSERT INTO b_icd10 VALUES ('550000039170', 'K04.82', 'RADICAULAR CYST, INFLAMMATORY PARADENTAL', 'RADICULAR CYST', '2250000000011');
INSERT INTO b_icd10 VALUES ('550000039171', 'K04.89', 'RADICULAR CYST,UNSPECIFIED', 'RADICULAR CYST', '2250000000011');
INSERT INTO b_icd10 VALUES ('550000039172', 'K05.00', 'ACUTE STREPTOCOCCAL GINGIVOSTOMATITIS', 'GINGIVAL ABSCESS', '2250000000011');
INSERT INTO b_icd10 VALUES ('550000039173', 'K05.08', 'ACUTE GINGIVITIS, OTHER', 'ACUTE GINGIVITIS', '2250000000011');
INSERT INTO b_icd10 VALUES ('550000039174', 'K05.09', 'ACUTE GINGIVITIS,UNSPECIFIED', 'ACUTE GINGIVITIS', '2250000000011');
INSERT INTO b_icd10 VALUES ('550000039175', 'K05.10', 'CHRONIC GINGIVITIS, SIMPLE MARGINAL', 'CHRONIC GINGIVITIS,', '2250000000011');
INSERT INTO b_icd10 VALUES ('550000039176', 'K05.11', 'CHRONIC GINGIVITIS, HYPERPLASTIC', 'CHRONIC GINGIVITIS,', '2250000000011');
INSERT INTO b_icd10 VALUES ('550000039177', 'K05.12', 'CHRONIC GINGIVITIS, ULCERATIVE', 'CHRONIC GINGIVITIS,', '2250000000011');
INSERT INTO b_icd10 VALUES ('550000039178', 'K05.13', 'CHRONIC GINGIVITIS, DESQUAMATIVE', 'CHRONIC GINGIVITIS,', '2250000000011');
INSERT INTO b_icd10 VALUES ('550000039179', 'K05.18', 'CHRONIC GINGIVITIS, OTHER', 'CHRONIC GINGIVITIS,', '2250000000011');
INSERT INTO b_icd10 VALUES ('550000039180', 'K05.19', 'CHRONIC GINGIVITIS, UNSPECIFIED', 'CHRONIC GINGIVITIS,', '2250000000011');
INSERT INTO b_icd10 VALUES ('550000039181', 'K05.20', 'PERIODONTAL ABSCESS OF GINGIVAL ORIGIN WITHOUT SINUS', 'AC PERIO ABSCESS', '2250000000011');
INSERT INTO b_icd10 VALUES ('550000039182', 'K05.21', 'PERIODONTAL ABSCESS OF GINGIVAL ORIGIN WITH SINUS', 'AC PERIO ABSCESS', '2250000000011');
INSERT INTO b_icd10 VALUES ('550000039183', 'K05.22', 'ACUTE PERICORONITIS', 'ACUTE PERICORONITIS', '2250000000011');
INSERT INTO b_icd10 VALUES ('550000039184', 'K05.28', 'OTHER SPECIFIED ACUTE PERIODONTITIS', 'ACUTE PERIODONTITIS', '2250000000011');
INSERT INTO b_icd10 VALUES ('550000039185', 'K05.29', 'ACUTE PERIODONTITIS, UNSPECIFIED', 'ACUTE PERIODONTITIS', '2250000000011');
INSERT INTO b_icd10 VALUES ('550000039186', 'K05.30', 'CHRONIC PERIODONTITIS, SIMPLEX', 'CHRO. PERIODONTITIS', '2250000000011');
INSERT INTO b_icd10 VALUES ('550000039187', 'K05.31', 'CHRONIC PERIODONTITIS, COMPLEX', 'CHRO. PERIODONTITIS,', '2250000000011');
INSERT INTO b_icd10 VALUES ('550000039188', 'K05.32', 'CHRONIC PERIODONTITIS, PERICORONITIS', 'CHRO. PERIODONTITIS,', '2250000000011');
INSERT INTO b_icd10 VALUES ('550000039189', 'K05.33', 'CHRONIC PERIODONTITIS, THICKENED FOLLICLE', 'CHRO. PERIODONTITIS,', '2250000000011');
INSERT INTO b_icd10 VALUES ('550000039190', 'K05.38', 'CHRONIC PERIODONTITIS, OTHER', 'CHRO. PERIODONTITIS,', '2250000000011');
INSERT INTO b_icd10 VALUES ('550000039191', 'K05.39', 'CHRONIC PERIODONTITIS, UNSPECIFIED', 'CHRO. PERIODONTITIS,', '2250000000011');
INSERT INTO b_icd10 VALUES ('550000039192', 'K06.00', 'GINGIVA RECESSION, LOCALIZED', 'GINGIVA RECESSION, L', '2250000000011');
INSERT INTO b_icd10 VALUES ('550000039193', 'K06.01', 'GINGIVA RECESSION, GENERALIZED', 'GINGIVA RECESSION, G', '2250000000011');
INSERT INTO b_icd10 VALUES ('550000039194', 'K06.09', 'GINGIVA RECESSION, UNSPECIFIED', 'GINGIVA RECESSION, U', '2250000000011');
INSERT INTO b_icd10 VALUES ('550000039195', 'K06.10', 'GINGIVAL FIBROMATOSIS', 'GING. FIBROMATOSIS', '2250000000011');
INSERT INTO b_icd10 VALUES ('550000039196', 'K06.11', 'TUBEROSTIRY ENLARGEMENT', 'TUBEROSTIRY ENLARGEM', '2250000000011');
INSERT INTO b_icd10 VALUES ('550000039197', 'K06.18', 'OTHER SPECFIED GINGIVAL ENLARGEMENT', 'GING. ENLARGEMENT', '2250000000011');
INSERT INTO b_icd10 VALUES ('550000039198', 'K06.19', 'GINGIVAL ENLARGEMENT, UNSPECIFIED', 'GING. ENLARGEMENT', '2250000000011');
INSERT INTO b_icd10 VALUES ('550000039199', 'K06.20', 'GINGIVAL AND EDENTULOUS RIDGE LESIONS DUE TO TRAUMATIC OCCLUSION', 'GINGIVAL AND EDENTUL', '2250000000011');
INSERT INTO b_icd10 VALUES ('550000039200', 'K06.21', 'GINGIVAL AND EDENTULOUS RIDGE LESIONS DUE TO TOOTHBRUSHING', 'GINGIVAL AND EDENTUL', '2250000000011');
INSERT INTO b_icd10 VALUES ('550000039201', 'K06.22', 'GINGIVAL AND EDENTULOUS RIDGE LESION,FRICTIONAL(FUNCTIONAL) KERATOSIS', 'GINGIVAL AND EDENTUL', '2250000000011');
INSERT INTO b_icd10 VALUES ('550000039202', 'K06.23', 'IRRITATIVE HYPERPLASIA, DENTURE HYPERPLASIA', 'HYPERPLASIA, IRRITAT', '2250000000011');
INSERT INTO b_icd10 VALUES ('550000039203', 'K06.28', 'GINGIVAL AND EDENTULOUS RIDGE TRAUMA,OTHER', 'TRAUMA ORAL MUCOSA', '2250000000011');
INSERT INTO b_icd10 VALUES ('550000039204', 'K06.29', 'GINGIVAL AND EDENTULOUS RIDGE TRAUMA,UNSPECIFIED', 'TRAUMA ORAL MUCOSA', '2250000000011');
INSERT INTO b_icd10 VALUES ('550000039205', 'K06.80', 'GINGIVAL CYST OF ADULT', 'GINGIVAL CYST', '2250000000011');
INSERT INTO b_icd10 VALUES ('550000039206', 'K06.81', 'PEIPHERAL GIANT CELL GRANULOMA (GIANT CELL EPULIS)', 'PEIPHERAL GIANT CELL', '2250000000011');
INSERT INTO b_icd10 VALUES ('550000039207', 'K06.82', 'FIBUOUS EPULIS', 'FIBUOUS EPULIS', '2250000000011');
INSERT INTO b_icd10 VALUES ('550000039208', 'K06.83', 'PYOGENIC GRANULOMA', 'PYOGENIC GRANULOMA', '2250000000011');
INSERT INTO b_icd10 VALUES ('550000039209', 'K06.84', 'FLABBY RIDGE', 'FLABBY RIDGE', '2250000000011');
INSERT INTO b_icd10 VALUES ('550000039210', 'K06.88', 'SPECIFIED DISORDERS OF GINGIVA AND EDENTULOUS ALVEOLAR RIDGE,OTHER', 'SPECIFIED DISORDERS', '2250000000011');
INSERT INTO b_icd10 VALUES ('550000039211', 'K07.00', 'MAXILLARY MACROGNATHISM', 'MAXILLARY MACROGNATH', '2250000000011');
INSERT INTO b_icd10 VALUES ('550000039212', 'K07.01', 'MANDIBULAR MACROGNATHISM', 'MANDIBULAR MACROGNAT', '2250000000011');
INSERT INTO b_icd10 VALUES ('550000039213', 'K07.02', 'MACROGNATHISM, BOTH JAW', 'MACROGNATHISM, BOTH', '2250000000011');
INSERT INTO b_icd10 VALUES ('550000039214', 'K07.03', 'MAXILLARY MICROGNATHISM', 'MAXILLARY MICROGNATH', '2250000000011');
INSERT INTO b_icd10 VALUES ('550000039215', 'K07.04', 'MANDIBULAR MICROGNATHISM', 'MANDIBULAR MICROGNAT', '2250000000011');
INSERT INTO b_icd10 VALUES ('550000039216', 'K07.05', 'MICROGNATHISM, BOTH JAWS', 'MICROGNATHISM, BOTH', '2250000000011');
INSERT INTO b_icd10 VALUES ('550000039217', 'K07.08', 'DENTOFACIAL ANOMALIES / MALOCCLUSION, OTHER', 'DENTOFACIAL ANOMALIE', '2250000000011');
INSERT INTO b_icd10 VALUES ('550000039218', 'K07.09', 'DENTOFACIAL ANOMALIES / MALOCCLUSION, UNSPECIFIED', 'DENTOFACIAL ANOMALIE', '2250000000011');
INSERT INTO b_icd10 VALUES ('550000039219', 'K07.11', 'MANDIBULAR PROGNATHISM', 'MAND. PROGNATHISM', '2250000000011');
INSERT INTO b_icd10 VALUES ('550000039220', 'K07.12', 'MAXILLARY PROGNATHISM', 'MAX. PROGNATHISM', '2250000000011');
INSERT INTO b_icd10 VALUES ('550000039221', 'K07.13', 'MANDIBULAR RETROGNATHISM', 'MAND. RETROGNATHISM', '2250000000011');
INSERT INTO b_icd10 VALUES ('550000039222', 'K07.14', 'MAXILLARY RETROGNATHISM', 'MAX. RETROGNATHISM', '2250000000011');
INSERT INTO b_icd10 VALUES ('550000039223', 'K07.18', 'ANOMALIES OF JAW-CRANIAL BASE RELATIONSHIP, OTHER', 'ANOMALIES OF JAW-CRA', '2250000000011');
INSERT INTO b_icd10 VALUES ('550000039224', 'K07.19', 'ANOMALIES OF JAW-CRANIAL BASE RELATIONSHIP, UNSPECIFIED', 'ANOMALIES OF JAW-CRA', '2250000000011');
INSERT INTO b_icd10 VALUES ('550000039225', 'K07.20', 'DISTO-OCCLUSION, DENTAL ARCH RELATIONSHIP', 'DISTO-OCCLUSION, DEN', '2250000000011');
INSERT INTO b_icd10 VALUES ('550000039226', 'K07.21', 'MESIO-OCCLUSION, DENTAL ARCH RELATIONSHIP', 'MESIO-OCCLUSION, DEN', '2250000000011');
INSERT INTO b_icd10 VALUES ('550000039227', 'K07.22', 'HORIZONTAL OVERBITE, DENTAL ARCH RELATIONSHIP (EXCESSIVE OVERJET)', 'HORIZONTAL OVERBITE,', '2250000000011');
INSERT INTO b_icd10 VALUES ('550000039228', 'K07.23', 'VERTICAL OVERBITE, DENTAL ARCH RELATIONSHIP (EXCESSIVE OVERBITE)', 'VERTICAL OVERBITE, D', '2250000000011');
INSERT INTO b_icd10 VALUES ('550000039229', 'K07.24', 'OPENBITE, DENTAL ARCH RELATIONSHIP', 'OPENBITE, DENTAL ARC', '2250000000011');
INSERT INTO b_icd10 VALUES ('550000039230', 'K07.25', 'CROSSBITE, DENTAL ARCH RELATIONSHIP( ANTERIOR,POSTERIOR)', 'CROSSBITE, DENTAL AR', '2250000000011');
INSERT INTO b_icd10 VALUES ('550000039231', 'K07.26', 'MIDLINE DEVIATION, DENTAL ARCH RELATIONSHIP', 'MIDLINE DEVIATION, D', '2250000000011');
INSERT INTO b_icd10 VALUES ('550000039232', 'K07.27', 'POSTERIOR LINGUAL OCCLUSION OF MANDIBULAR TEETH', 'POSTERIOR LINGUAL OC', '2250000000011');
INSERT INTO b_icd10 VALUES ('550000039233', 'K07.28', 'ANOMALIES OF DENTAL ARCH RELATIONSHIP,OTHER', 'ANOMALIES OF DENTAL', '2250000000011');
INSERT INTO b_icd10 VALUES ('550000039234', 'K07.29', 'ANOMALIES OF DENTAL ARCH RELATIONSHIP,UNSPECIFIED', 'ANOMALIES OF DENTAL', '2250000000011');
INSERT INTO b_icd10 VALUES ('550000039235', 'K07.30', 'CROWDING, IMBRICATION', 'CROWDING', '2250000000011');
INSERT INTO b_icd10 VALUES ('550000039236', 'K07.31', 'DISPLACEMENT', 'DISPLACEMENT', '2250000000011');
INSERT INTO b_icd10 VALUES ('550000039237', 'K07.32', 'ROTATION', 'ROTATION', '2250000000011');
INSERT INTO b_icd10 VALUES ('550000039238', 'K07.33', 'SPACING, DIASTEMA', 'SPACING', '2250000000011');
INSERT INTO b_icd10 VALUES ('550000039239', 'K07.34', 'TRANSPOSITION', 'TRANSPOSITION', '2250000000011');
INSERT INTO b_icd10 VALUES ('550000039240', 'K07.35', 'EMBEDDED OR IMPACTED TEETH IN ABNORMAL POSITION', 'EMBEDDED OR IMPACTED', '2250000000011');
INSERT INTO b_icd10 VALUES ('550000039241', 'K07.38', 'OTHER MALPOSITION', 'OTHER MALPOSITION', '2250000000011');
INSERT INTO b_icd10 VALUES ('550000039242', 'K07.39', 'ANOMALIES OF TOOTH POSITION, UNSPECIFIED', 'ABN. TOOTH POSITION', '2250000000011');
INSERT INTO b_icd10 VALUES ('550000039243', 'K07.50', 'ABNORMAL JAW CLOSURE', 'ABNORMAL JAW CLOSURE', '2250000000011');
INSERT INTO b_icd10 VALUES ('550000039244', 'K07.51', 'MALOCCLUSION DUE TO ABNORMAL SWALLOWING', 'ABNORMAL SWALLOWING', '2250000000011');
INSERT INTO b_icd10 VALUES ('550000039245', 'K07.54', 'MALOCCLUSION DUE TO MOUTH BREATHING', 'MOUTH BREATHING', '2250000000011');
INSERT INTO b_icd10 VALUES ('550000039246', 'K07.55', 'MALOCCLUSION DUE TO TONGUE, LIP OR FINGER HABITS', 'TONGUE, LIP OR FINGE', '2250000000011');
INSERT INTO b_icd10 VALUES ('550000039247', 'K07.58', 'DENTOFACIAL FUNCTIONAL ABNORMALITIES, OTHER', 'ABN.DENTOFACIAL FUNC', '2250000000011');
INSERT INTO b_icd10 VALUES ('550000039248', 'K07.59', 'DENTOFACIAL FUNCTIONAL ABNORMALITIES, UNSPECIFIED', 'ABN.DENTOFACIAL FUNC', '2250000000011');
INSERT INTO b_icd10 VALUES ('550000039249', 'K07.60', 'TEMPORAMANDIBULAR JOINT-PAIN DYSFUNCTION SYNDROME (COSTEN''S SYNDROME)', 'TMJ PAIN DYSFUNCTION', '2250000000011');
INSERT INTO b_icd10 VALUES ('550000039250', 'K07.61', 'CLICKING JAWS, SNAPPING JAW', 'CLICKING JAWS', '2250000000011');
INSERT INTO b_icd10 VALUES ('550000039251', 'K07.62', 'RECURRENT DISLOCATION AND SUBLUXATION OF TMJ.', 'DISLOCATION OF TMJ.', '2250000000011');
INSERT INTO b_icd10 VALUES ('550000039252', 'K07.63', 'PAIN IN TMJ., NOT ELSEWHERE CLASSIFIED', 'PAIN IN TMJ.', '2250000000011');
INSERT INTO b_icd10 VALUES ('550000039253', 'K07.64', 'STIFFNESS OF TMJ.', 'STIFFNESS OF TMJ.', '2250000000011');
INSERT INTO b_icd10 VALUES ('550000039254', 'K07.65', 'OSTEOPHYTE OF TMJ.', 'OSTEOPHYTE OF TMJ.', '2250000000011');
INSERT INTO b_icd10 VALUES ('550000039255', 'K07.68', 'TMJ DISORDERS, OTHER', 'TMJ DISORDERS, OTHER', '2250000000011');
INSERT INTO b_icd10 VALUES ('550000039256', 'K07.69', 'TMJ DISORDERS, UNSPECIFIED', 'TMJ DISORDERS, UNSPE', '2250000000011');
INSERT INTO b_icd10 VALUES ('550000039257', 'K08.0X', 'EXFOLIATION OF TEETH DUE TO SYSTEMIC CAUSES', 'EXFOLIATION OF TEETH', '2250000000011');
INSERT INTO b_icd10 VALUES ('550000039258', 'K08.80', 'TOOTHACHE', 'TOOTHACHE', '2250000000011');
INSERT INTO b_icd10 VALUES ('550000039259', 'K08.81', 'IRREGULAR ALVEOLAR PORCESS', 'BONE SPICULE', '2250000000011');
INSERT INTO b_icd10 VALUES ('550000039260', 'K08.82', 'ENLARGEMENT OF ALVEOLAR RIDGE NOS', 'BONE EXOSTOSIS', '2250000000011');
INSERT INTO b_icd10 VALUES ('550000039261', 'K08.88', 'OTHER SPECIFIED DISORDERS OF TEETH AND SUPPORTING STRUCTURES,OTHER', 'OTHER SPECIFIED DISO', '2250000000011');
INSERT INTO b_icd10 VALUES ('550000039262', 'K09.00', 'ERUPTION CYSTS', 'ERUPTION CYSTS', '2250000000011');
INSERT INTO b_icd10 VALUES ('550000039263', 'K09.01', 'GINGIVAL CYSTS', 'GINGIVAL CYSTS', '2250000000011');
INSERT INTO b_icd10 VALUES ('550000039264', 'K09.02', 'KERATOCYST (PRIMORDIAL CYST)', 'KERATOCYST', '2250000000011');
INSERT INTO b_icd10 VALUES ('550000039265', 'K09.03', 'DENTIGEROUS CYSTS (FOLLICULAR CYSTS)', 'DENTIGEROUS CYSTS', '2250000000011');
INSERT INTO b_icd10 VALUES ('550000039266', 'K09.04', 'LATERAL PERIODONTAL', 'LAT. PERIO. CYSTS', '2250000000011');
INSERT INTO b_icd10 VALUES ('550000039267', 'K09.08', 'DEVELOPMENTAL ODONTOGENIC CYSTS,OTHER', 'DEVELOP. ODONT. CYST', '2250000000011');
INSERT INTO b_icd10 VALUES ('550000039268', 'K09.09', 'DEVELOPMENTAL ODONTOGENIC CYSTS,UNSPECIFIED', 'DEVELOP. ODONT. CYST', '2250000000011');
INSERT INTO b_icd10 VALUES ('550000039269', 'K09.10', 'GLOBULOMAXILLARY CYSTS', 'GLOBULOMAXILLARY CYS', '2250000000011');
INSERT INTO b_icd10 VALUES ('550000039270', 'K09.11', 'MEDIAN PALATAL CYSTS', 'MEDIAN PALATAL CYSTS', '2250000000011');
INSERT INTO b_icd10 VALUES ('550000039271', 'K09.12', 'NASOPALATINE CYSTS (INCISIVE CANAL CYSTS)', 'NASOPALATINE CYSTS', '2250000000011');
INSERT INTO b_icd10 VALUES ('550000039272', 'K09.13', 'CYSTS OF PALATINE PAPILLA', 'CYSTS PALATAL PAPILL', '2250000000011');
INSERT INTO b_icd10 VALUES ('550000039273', 'K09.18', 'DEVELOPMENT NONODONTOGENIC CYSTS ,OTHER', 'DEVELOP NONODON CYST', '2250000000011');
INSERT INTO b_icd10 VALUES ('550000039274', 'K09.19', 'DEVELOPMENT NONODONTOGENIC CYSTS ,UNSPECIFIED', 'DEVELOP NONODON CYST', '2250000000011');
INSERT INTO b_icd10 VALUES ('550000039275', 'K09.20', 'ANEURYSMAL BONE CYSTS', 'ANEURYSMAL BONE CYST', '2250000000011');
INSERT INTO b_icd10 VALUES ('550000039276', 'K09.21', 'SOLITARY BONE CYSTS (TRAUMATIC BONE CYSTS,HEMORRHAGIC BONE CYSTS )', 'SOLITARY BONE CYSTS', '2250000000011');
INSERT INTO b_icd10 VALUES ('550000039277', 'K09.22', 'EPITHELIAL JAW CYSTS NOT IDENTIFIABLE AS ODONTOGENIC OR NONODONTOGENIC', 'EPITHELIAL JAW CYSTS', '2250000000011');
INSERT INTO b_icd10 VALUES ('550000039278', 'K09.28', 'OTHER CYSTS OF JAW,OTHER', 'OTHER CYSTS OF JAW,O', '2250000000011');
INSERT INTO b_icd10 VALUES ('550000039279', 'K09.29', 'OTHER CYSTS OF JAW, UNSPECIFIED', 'OTHER CYSTS OF JAW,', '2250000000011');
INSERT INTO b_icd10 VALUES ('550000039280', 'K09.80', 'DERMOID CYSTS', 'DERMOID CYSTS', '2250000000011');
INSERT INTO b_icd10 VALUES ('550000039281', 'K09.81', 'EPIDERMOID CYSTS', 'EPIDERMOID CYSTS', '2250000000011');
INSERT INTO b_icd10 VALUES ('550000039282', 'K09.82', 'GINGIVAL CYST OF NEW BORN', 'GINGIVAL CYST OF NEW', '2250000000011');
INSERT INTO b_icd10 VALUES ('550000039283', 'K09.83', 'PALATAL CYST OF NEW BORN', 'PALATAL CYST OF NEW', '2250000000011');
INSERT INTO b_icd10 VALUES ('550000039284', 'K09.84', 'NASOALVEOLAR CYST (NASOLABIAL CYST)', 'NASOALVEOLAR CYST', '2250000000011');
INSERT INTO b_icd10 VALUES ('550000039285', 'K09.85', 'LYMPHOEPITHELIAL CYST', 'LYMPHOEPITHELIAL CYS', '2250000000011');
INSERT INTO b_icd10 VALUES ('550000039286', 'K09.88', 'OTHER SPECIFIED CYSTS OF ORAL REGION,OTHER', 'OTHER SPECIFIED CYST', '2250000000011');
INSERT INTO b_icd10 VALUES ('550000039287', 'K1', 'DISEASE OF ORAL CAVITY,SALIVARY GLAND AND JAWS', 'DIS. OF ORAL CAVITY', '2250000000011');
INSERT INTO b_icd10 VALUES ('550000039288', 'K10.00', 'TORUS MANDIBULARIS', 'TORUS MANDIBULARIS', '2250000000011');
INSERT INTO b_icd10 VALUES ('550000039289', 'K10.01', 'TORUS PALATINUS', 'TORUS PALATINUS', '2250000000011');
INSERT INTO b_icd10 VALUES ('550000039290', 'K10.02', 'LATENT BONE CYST(STAFNE''S CYST,STATIC BONE CYST,DEVELOPMENTAL BONE DEF', 'LATENT BONE CYST', '2250000000011');
INSERT INTO b_icd10 VALUES ('550000039291', 'K10.08', 'DEVELOPMENTAL DISORDERS OF JAWS, OTHER', 'DEVELOP DISORD JAWS', '2250000000011');
INSERT INTO b_icd10 VALUES ('550000039292', 'K10.09', 'DEVELOPMENTAL DISORDERS OF JAWS, UNSPECIFIED', 'DEVELOP DISORD JAWS', '2250000000011');
INSERT INTO b_icd10 VALUES ('550000039293', 'K10.20', 'OSTEITIS OF JAW', 'OSTEITIS OF JAW', '2250000000011');
INSERT INTO b_icd10 VALUES ('550000039294', 'K10.21', 'OSTEOMYELITIS OF JAW', 'OSTEOMYELITIS OF JAW', '2250000000011');
INSERT INTO b_icd10 VALUES ('550000039295', 'K10.22', 'PERIOSTITIS OF JAW', 'PERIOSTITIS OF JAW', '2250000000011');
INSERT INTO b_icd10 VALUES ('550000039296', 'K10.23', 'CHRO. PERIOSTITIS OF JAW (PULSE GRANULOMA,HYALINE MICROANGIOPATHY)', 'PULP GRANULOMA', '2250000000011');
INSERT INTO b_icd10 VALUES ('550000039297', 'K10.24', 'NEONATAL OSTEOMYELITIS OF MAXILLA,NEONATAL MAXILLITIS', 'NEONATAL OSTEOMYELIT', '2250000000011');
INSERT INTO b_icd10 VALUES ('550000039298', 'K10.25', 'SEQUESTRUM', 'SEQUESTRUM', '2250000000011');
INSERT INTO b_icd10 VALUES ('550000039299', 'K10.26', 'OSTEORADIONECROSIS', 'OSTERORADIONECROSIS', '2250000000011');
INSERT INTO b_icd10 VALUES ('550000039300', 'K10.28', 'INFLAMMATORY CONDITIONS OF JAW,OTHER', 'INFLAMMATORY CONDITI', '2250000000011');
INSERT INTO b_icd10 VALUES ('550000039301', 'K10.29', 'INFLAMMATORY CONDITIONS OF JAW, UNSPECIFIED', 'INFLAMMATORY CONDITI', '2250000000011');
INSERT INTO b_icd10 VALUES ('550000039302', 'K10.80', 'CHERUBISM', 'CHERUBISM', '2250000000011');
INSERT INTO b_icd10 VALUES ('550000039303', 'K10.81', 'CONDYLAR HYPERPLASIA OF MANDIBLE,UNILATERAL', 'CONDYLAR HYPERPLASIA', '2250000000011');
INSERT INTO b_icd10 VALUES ('550000039304', 'K10.82', 'CONDYLAR HYPOPLASIA OF MANDIBLE,UNILATERAL', 'CONDYLAR HYPOPLASIA', '2250000000011');
INSERT INTO b_icd10 VALUES ('550000039305', 'K10.83', 'FIBROUS DYSPLASIA OF JAW', 'FIBROUS DYSPLASIA OF', '2250000000011');
INSERT INTO b_icd10 VALUES ('550000039306', 'K10.88', 'EXOSTOSIS ,OTHER SPECIFIED DISEASES OF JAWS, OTHER', 'OTHER SPECIFIED DISE', '2250000000011');
INSERT INTO b_icd10 VALUES ('550000039307', 'K11.60', 'MUCOUS RETENTION CYST', 'MUCOUS RETENT. CYST', '2250000000011');
INSERT INTO b_icd10 VALUES ('550000039308', 'K11.61', 'MUCOUS EXTRAVASATION CYST', 'MUCOUS CYST', '2250000000011');
INSERT INTO b_icd10 VALUES ('550000039309', 'K11.69', 'MUCOCELE OF SALIVARY GLAND, UNSPECIFIED', 'MUCOCELE OF SALI. GL', '2250000000011');
INSERT INTO b_icd10 VALUES ('550000039310', 'K11.70', 'HYPOSECRETION OF SALIVA', 'HYPOSECRETION', '2250000000011');
INSERT INTO b_icd10 VALUES ('550000039311', 'K11.71', 'XEROSTOMIA', 'XEROSTOMIA', '2250000000011');
INSERT INTO b_icd10 VALUES ('550000039312', 'K11.72', 'HYPERSECRETION OF SALIVA (PTYALISM)', 'PTYALISM', '2250000000011');
INSERT INTO b_icd10 VALUES ('550000039313', 'K11.78', 'DISTURBANCES OF SALIVARY SECRETION,OTHER', 'DISTURB. OF SALI.', '2250000000011');
INSERT INTO b_icd10 VALUES ('550000039314', 'K11.79', 'DISTURBANCES OF SALIVARY SECRETION, UNSPECIFIED', 'DISTURB. OF SALI.', '2250000000011');
INSERT INTO b_icd10 VALUES ('550000039315', 'K11.80', 'BENIGN LYMPHOEPITHELIAL LESION OF SALIVARY GLAND', 'DIS. OF SALIVARY GL', '2250000000011');
INSERT INTO b_icd10 VALUES ('550000039316', 'K11.81', 'MIKULICZ''S DISEASE', 'MIKULICZ''S DISEASE', '2250000000011');
INSERT INTO b_icd10 VALUES ('550000039317', 'K11.82', 'STENOSIS (STRICTURE) OF SALIVARY DUCT', 'SALI. DUCT STENOSIS', '2250000000011');
INSERT INTO b_icd10 VALUES ('550000039318', 'K11.83', 'SIALECTASIA', 'SIALECTASIA', '2250000000011');
INSERT INTO b_icd10 VALUES ('550000039319', 'K11.84', 'SIALOSIS', 'SIALOSIS', '2250000000011');
INSERT INTO b_icd10 VALUES ('550000039320', 'K11.85', 'NECROTIZING SIALOMETAPLASIA', 'NEC. SIALOMETAPLASIA', '2250000000011');
INSERT INTO b_icd10 VALUES ('550000039321', 'K11.88', 'OTHER DISEASE OF SALIVARY GLAND', 'DIS. OF SALIVARY GL', '2250000000011');
INSERT INTO b_icd10 VALUES ('550000039322', 'K12.00', 'RECURRENT MINOR APHTHOUS ULCER', 'RECURRENT APHTOUS', '2250000000011');
INSERT INTO b_icd10 VALUES ('550000039323', 'K12.01', 'RECURRENT MAJOR APHTHOUS (PERIADENITIS MUCOSA NECROTICA RECURRENS)', 'MAJOR APTHAE', '2250000000011');
INSERT INTO b_icd10 VALUES ('550000039324', 'K12.02', 'STOMATITIS HERPETIFORMIS', 'STOMATITIS HERPETIFO', '2250000000011');
INSERT INTO b_icd10 VALUES ('550000039325', 'K12.03', 'BEDNAR''S APHTHAE', 'BEDNAR''S APHTHAE', '2250000000011');
INSERT INTO b_icd10 VALUES ('550000039326', 'K12.04', 'TRAUMATIC ULCER', 'TRAUMATIC ULCER', '2250000000011');
INSERT INTO b_icd10 VALUES ('550000039327', 'K12.08', 'RECURRENT ORAL APHTHAE, OTHER', 'RECURRENT APHTOUS', '2250000000011');
INSERT INTO b_icd10 VALUES ('550000039328', 'K12.09', 'RECURRENT ORAL APHTHAE, UNSPECIFIED', 'RECURRENT APHTOUS', '2250000000011');
INSERT INTO b_icd10 VALUES ('550000039329', 'K12.10', 'STOMATITIS ARTIFACTA', 'STOMATITIS ARTIFACTA', '2250000000011');
INSERT INTO b_icd10 VALUES ('550000039330', 'K12.11', 'GEOGRAPHIC, STOMATITIS EXCLUDE GEOGRAPHIC TONGUE', 'GEOGRAPHIC, STOMATIT', '2250000000011');
INSERT INTO b_icd10 VALUES ('550000039331', 'K12.12', 'DENTURE STOMATITIS EXCLUDE DENTURE SORE MOUTH DUE TO CANDIDAL INFECT', 'DENTURE STOMATITIS', '2250000000011');
INSERT INTO b_icd10 VALUES ('550000039332', 'K12.13', 'PAPILLARY HYPERPLASIA OF PALATE', 'PAPILLARY HYPERPLASI', '2250000000011');
INSERT INTO b_icd10 VALUES ('550000039333', 'K12.14', 'CONTACT STOMATITIS, COTTON ROLL STOMATITIS', 'CONTACT STOMATITIS', '2250000000011');
INSERT INTO b_icd10 VALUES ('550000039334', 'K12.18', 'OTHER FORMS OF STOMATITIS', 'STOMATITIS', '2250000000011');
INSERT INTO b_icd10 VALUES ('550000039335', 'K12.19', 'OTHER FORMS OF STOMATITIS,UNSPECIFIED', 'STOMATITIS', '2250000000011');
INSERT INTO b_icd10 VALUES ('550000039336', 'K13.00', 'ANGULAR CHEILITIS,ANGULAR CHEILOSIS', 'ANGULAR CHEILITIS', '2250000000011');
INSERT INTO b_icd10 VALUES ('550000039337', 'K13.01', 'CHEILITIS GLANDULARIS APOSTEMATOSA', 'CHEILITIS GLANDULARI', '2250000000011');
INSERT INTO b_icd10 VALUES ('550000039338', 'K13.02', 'CHEILITIS ,EXFOLIATIVE', 'CHEILITIS ,EXFOLIATI', '2250000000011');
INSERT INTO b_icd10 VALUES ('550000039339', 'K13.03', 'CHEILITIS NOS', 'CHEILITIS NOS', '2250000000011');
INSERT INTO b_icd10 VALUES ('550000039340', 'K13.04', 'CHEILODYNIA', 'CHEILODYNIA', '2250000000011');
INSERT INTO b_icd10 VALUES ('550000039341', 'K13.08', 'OTHER DISEASES OF LIPS', 'DISEASES OF LIPS', '2250000000011');
INSERT INTO b_icd10 VALUES ('550000039342', 'K13.09', 'DISEASES OF LIPS, UNSPECIFIED', 'DISEASES OF LIPS, UN', '2250000000011');
INSERT INTO b_icd10 VALUES ('550000039343', 'K13.20', 'LEUKOPLAKIA ,IDIOPATHIC', 'LEUKOPLAKIA ,IDIOPAT', '2250000000011');
INSERT INTO b_icd10 VALUES ('550000039344', 'K13.21', 'LEUKOPLAKIA ,TOBACCO-ASSOCIATED', 'LEUKOPLAKIA ,TOBACCO', '2250000000011');
INSERT INTO b_icd10 VALUES ('550000039345', 'K13.22', 'ERYTHROPLAKIA', 'ERYTHROPLAKIA', '2250000000011');
INSERT INTO b_icd10 VALUES ('550000039346', 'K13.23', 'LEUKOEDEMA', 'LEUKOEDEMA', '2250000000011');
INSERT INTO b_icd10 VALUES ('550000039347', 'K13.24', 'SMOKER''S PALATE (LEUKOKERATOSIS NICOTINA PALATI)', 'SMOKER''S PALATE', '2250000000011');
INSERT INTO b_icd10 VALUES ('550000039348', 'K13.28', 'LEUKOPLAKIA AND OTHER DISTURBANCES OF ORAL EPITHELUM,OTHER', 'LEUKOPLAKIA AND OTHE', '2250000000011');
INSERT INTO b_icd10 VALUES ('550000039349', 'K13.29', 'LEUKOPLAKIA AND OTHER DISTURBANCES OF ORAL EPITHELUM,UNSPECIFIED', 'LEUKOPLAKIA AND OTHE', '2250000000011');
INSERT INTO b_icd10 VALUES ('550000039350', 'K13.40', 'PYOGENIC GRANULOMA (EXCLUDE GINGIVA)', 'PYOGENIC GRANULOMA', '2250000000011');
INSERT INTO b_icd10 VALUES ('550000039351', 'K13.41', 'EOSINOPHILIC GRANULOMA OF ORAL MUCOSA', 'EOSINOPHILIC GRANULO', '2250000000011');
INSERT INTO b_icd10 VALUES ('550000039352', 'K13.42', 'HISTOCYTOSIS Y (VERRUCOUS XANTHOMA)', 'HISTOCYTOSIS Y', '2250000000011');
INSERT INTO b_icd10 VALUES ('550000039353', 'K13.48', 'GRANULOMA AND GRANULOMA-LIKE LESIONS OF ORAL MUCOSA,OTHER', 'GRANULOMA AND GRANUL', '2250000000011');
INSERT INTO b_icd10 VALUES ('550000039354', 'K13.49', 'GRANULOMA AND GRANULOMA-LIKE LESIONS OF ORAL MUCOSA,UNSPECIFIED', 'GRANULOMA AND GRANUL', '2250000000011');
INSERT INTO b_icd10 VALUES ('550000039355', 'K13.70', 'EXCESSIVE MELANIN PIGMENTATION MELANOPLAKIA ,SMOKER''S MELANOSIS', 'MELANIN PIGMENTATION', '2250000000011');
INSERT INTO b_icd10 VALUES ('550000039356', 'K13.71', 'ORAL FISTULA (EXCLUDE OROANTRAL FISTULA)', 'ORAL FISTULA', '2250000000011');
INSERT INTO b_icd10 VALUES ('550000039357', 'K13.72', 'DELIBERATE TATTOO', 'DELIBERATE TATTOO', '2250000000011');
INSERT INTO b_icd10 VALUES ('550000039358', 'K13.73', 'FOCAL ORAL MUCINOSIS', 'FOCAL ORAL MUCINOSIS', '2250000000011');
INSERT INTO b_icd10 VALUES ('550000039359', 'K13.78', 'OTHER AND UNSPECIFIED LESIONS OF ORAL MUCOSA,OTHER', 'OTHER AND UNSPECIFIE', '2250000000011');
INSERT INTO b_icd10 VALUES ('550000039360', 'K13.79', 'OTHER AND UNSPECIFIED LESIONS OF ORAL MUCOSA,UNSPECIFIED', 'OTHER AND UNSPECIFIE', '2250000000011');
INSERT INTO b_icd10 VALUES ('550000039361', 'K14.00', 'ABSCESS OF TOUNGE', 'ABSCESS OF TOUNGE', '2250000000011');
INSERT INTO b_icd10 VALUES ('550000039362', 'K14.01', 'TRAUMATIC ULCERATION OF TONGUE', 'TRAUMA TO TONGUE', '2250000000011');
INSERT INTO b_icd10 VALUES ('550000039363', 'K14.08', 'DISEASE OF TONGUE OTHER', 'DISEASE OF TONGUE', '2250000000011');
INSERT INTO b_icd10 VALUES ('550000039364', 'K14.09', 'GLOSSITIS, UNSPECIFIED', 'GLOSSITIS', '2250000000011');
INSERT INTO b_icd10 VALUES ('550000039365', 'K14.30', 'COATED TONGUE', 'COATED TONGUE', '2250000000011');
INSERT INTO b_icd10 VALUES ('550000039366', 'K14.31', 'BLACK HAIRY TONGUE EXCLUDE HAIRLY LEUKOPLAKIA OR DUE TO ANTIBIOTIC', 'BLACK HAIRY TONGUE', '2250000000011');
INSERT INTO b_icd10 VALUES ('550000039367', 'K14.32', 'HYPERTROPHY OF FOLIATE PAPILLAE', 'HYPERTROPHY OF FOLIA', '2250000000011');
INSERT INTO b_icd10 VALUES ('550000039368', 'K14.38', 'HAIRY TONGUE DUE TO ANTIBIOTICS,HYPERTROPHY OF TOUGUE PAPILLAE,OTHER', 'HAIRY TONGUE DUE TO', '2250000000011');
INSERT INTO b_icd10 VALUES ('550000039369', 'K14.39', 'HYPERTROPHY OF TOUGUE PAPILLAE,UNSPECIFIED', 'HYPERTROPHY OF TOUGU', '2250000000011');
INSERT INTO b_icd10 VALUES ('550000039370', 'K14.60', 'BURNING TONGUE (GLOSSOPYROSIS )', 'BURNING TONGUE', '2250000000011');
INSERT INTO b_icd10 VALUES ('550000039371', 'K14.61', 'PAINFUL TONGUE (GLOSSODYNIA )', 'PAINFUL TONGUE', '2250000000011');
INSERT INTO b_icd10 VALUES ('550000039372', 'K14.68', 'GLOSSODYNIA, OTHER', 'GLOSSODYNIA, OTHER', '2250000000011');
INSERT INTO b_icd10 VALUES ('550000039373', 'K14.69', 'GLOSSODYNIA, UNSPECIFIED', 'GLOSSODYNIA, UNSPECI', '2250000000011');
INSERT INTO b_icd10 VALUES ('550000039374', 'K14.80', 'CRENATED TONGUE (LINGUA INDENTATA)', 'CRENATED TONGUE', '2250000000011');
INSERT INTO b_icd10 VALUES ('550000039375', 'K14.81', 'HYPERTROPHY OF TONGUE INCLUDES:HEMIHYPERTROPHY', 'HYPERTROPHY OF TONGU', '2250000000011');
INSERT INTO b_icd10 VALUES ('550000039376', 'K14.82', 'ATROPHY OF TONGUE INCLUDES:HEMIATROPHY', 'ATROPHY OF TONGUE', '2250000000011');
INSERT INTO b_icd10 VALUES ('550000039377', 'K14.88', 'OTHER SPECIFIED DISEASE OF TONGUE', 'DISEASE OF TONGUE', '2250000000011');
INSERT INTO b_icd10 VALUES ('550000039378', 'K5', 'NONINFECTIVE ENTERITIS AND COLITIS', 'NONINFECT. ENTERITIS', '2250000000011');
INSERT INTO b_icd10 VALUES ('550000039379', 'K50.8X', 'OTHER CROHN''S DISEASE,ORAL MANIFESTATIONS', 'CROHN''S DISEASE', '2250000000011');

--B_ITEM_BILLING_SUBGROUP
INSERT INTO b_item_billing_subgroup VALUES ('1210000000036','DTO01', 'ค่าบริการทันตกรรมออกหน่วย', '10', '1');

--B_ITEM_SUBGROUP
INSERT INTO b_item_subgroup VALUES ('1300000000050', 'DT010100', 'ตรวจ', '6', '1');
INSERT INTO b_item_subgroup VALUES ('1300000000051', 'DT020100', 'ทันตรังสี', '6', '1');
INSERT INTO b_item_subgroup VALUES ('1300000000052', 'DT030100', 'เวชศาสตร์ช่องปาก', '6', '1');
INSERT INTO b_item_subgroup VALUES ('1300000000053', 'DT040100', 'ทันตกรรมหัตถการ', '6', '1');
INSERT INTO b_item_subgroup VALUES ('1300000000054', 'DT050100', 'รักษาคลองรากฟัน', '6', '1');
INSERT INTO b_item_subgroup VALUES ('1300000000055', 'DT060100', 'ปริทันต์', '6', '1');
INSERT INTO b_item_subgroup VALUES ('1300000000056', 'DT070100', 'ทันตกรรมป้องกัน', '6', '1');
INSERT INTO b_item_subgroup VALUES ('1300000000057', 'DT080100', 'ทันตกรรมสำหรับเด็ก', '6', '1');
INSERT INTO b_item_subgroup VALUES ('1300000000058', 'DT090100', 'ทันตกรรมประดิษฐ์', '6', '1');
INSERT INTO b_item_subgroup VALUES ('1300000000059', 'DT100100', 'ทันตศัลยกรรม', '6', '1');
INSERT INTO b_item_subgroup VALUES ('1300000000060', 'DT110100', 'ศัลยกรรมช่องปาก', '6', '1');
INSERT INTO b_item_subgroup VALUES ('1300000000061', 'DT120100', 'ทันตกรรมจัดฟัน', '6', '1');
INSERT INTO b_item_subgroup VALUES ('1300000000062', 'DT130100', 'ทันตกรรมบดเคี้ยว', '6', '1');
INSERT INTO b_item_subgroup VALUES ('1300000000063', 'DT140100', 'เบ็ดเตล็ด', '6', '1');
INSERT INTO b_item_subgroup VALUES ('1300000000064', 'DT150101', 'รับ/ส่งต่อ', '6', '1');
INSERT INTO b_item_subgroup VALUES ('1300000000065', 'DT160101', 'พิเศษ', '6', '1');
INSERT INTO b_item_subgroup VALUES ('1300000000066', 'DT170100', 'ทันตกรรมออกหน่วย', '6', '1');

--Dental_Item_Subgroup
INSERT INTO b_dental_item_subgroup VALUES ('DT2010000000001', '1300000000050', 'DT010100', 'ตรวจ 1', '1');
INSERT INTO b_dental_item_subgroup VALUES ('DT2010000000002', '1300000000050', 'DT010200', 'ตรวจ 2', '1');
INSERT INTO b_dental_item_subgroup VALUES ('DT2010000000003', '1300000000050', 'DT010300', 'ตรวจ 3', '1');
INSERT INTO b_dental_item_subgroup VALUES ('DT2010000000004', '1300000000051', 'DT020100', 'ทันตรังสี 1', '1');
INSERT INTO b_dental_item_subgroup VALUES ('DT2010000000005', '1300000000051', 'DT020200', 'ทันตรังสี 2', '1');
INSERT INTO b_dental_item_subgroup VALUES ('DT2010000000006', '1300000000052', 'DT030100', 'เวชศาสตร์ช่องปาก 1', '1');
INSERT INTO b_dental_item_subgroup VALUES ('DT2010000000007', '1300000000052', 'DT030200', 'เวชศาสตร์ช่องปาก 2', '1');
INSERT INTO b_dental_item_subgroup VALUES ('DT2010000000008', '1300000000052', 'DT030300', 'เวชศาสตร์ช่องปาก 3', '1');
INSERT INTO b_dental_item_subgroup VALUES ('DT2010000000009', '1300000000052', 'DT030400', 'เวชศาสตร์ช่องปาก 4', '1');
INSERT INTO b_dental_item_subgroup VALUES ('DT2010000000010', '1300000000052', 'DT030500', 'เวชศาสตร์ช่องปาก 5', '1');
INSERT INTO b_dental_item_subgroup VALUES ('DT2010000000011', '1300000000052', 'DT030600', 'เวชศาสตร์ช่องปาก 6', '1');
INSERT INTO b_dental_item_subgroup VALUES ('DT2010000000012', '1300000000053', 'DT040100', 'ทันตกรรมหัตถการ 1', '1');
INSERT INTO b_dental_item_subgroup VALUES ('DT2010000000013', '1300000000053', 'DT040200', 'ทันตกรรมหัตถการ 2', '1');
INSERT INTO b_dental_item_subgroup VALUES ('DT2010000000014', '1300000000053', 'DT040300', 'ทันตกรรมหัตถการ 3', '1');
INSERT INTO b_dental_item_subgroup VALUES ('DT2010000000015', '1300000000053', 'DT040400', 'ทันตกรรมหัตถการ 4', '1');
INSERT INTO b_dental_item_subgroup VALUES ('DT2010000000016', '1300000000054', 'DT050100', 'รักษาคลองรากฟัน 1', '1');
INSERT INTO b_dental_item_subgroup VALUES ('DT2010000000017', '1300000000054', 'DT050200', 'รักษาคลองรากฟัน 2', '1');
INSERT INTO b_dental_item_subgroup VALUES ('DT2010000000018', '1300000000054', 'DT050300', 'รักษาคลองรากฟัน 3', '1');
INSERT INTO b_dental_item_subgroup VALUES ('DT2010000000019', '1300000000054', 'DT050400', 'รักษาคลองรากฟัน 4', '1');
INSERT INTO b_dental_item_subgroup VALUES ('DT2010000000020', '1300000000054', 'DT050500', 'รักษาคลองรากฟัน 5', '1');
INSERT INTO b_dental_item_subgroup VALUES ('DT2010000000021', '1300000000054', 'DT050600', 'รักษาคลองรากฟัน 6', '1');
INSERT INTO b_dental_item_subgroup VALUES ('DT2010000000022', '1300000000054', 'DT050700', 'รักษาคลองรากฟัน 7', '1');
INSERT INTO b_dental_item_subgroup VALUES ('DT2010000000023', '1300000000054', 'DT050800', 'รักษาคลองรากฟัน 8', '1');
INSERT INTO b_dental_item_subgroup VALUES ('DT2010000000024', '1300000000055', 'DT060100', 'ปริทันต์ 1', '1');
INSERT INTO b_dental_item_subgroup VALUES ('DT2010000000025', '1300000000055', 'DT060200', 'ปริทันต์ 2', '1');
INSERT INTO b_dental_item_subgroup VALUES ('DT2010000000026', '1300000000055', 'DT060300', 'ปริทันต์ 3', '1');
INSERT INTO b_dental_item_subgroup VALUES ('DT2010000000027', '1300000000055', 'DT060400', 'ปริทันต์ 4', '1');
INSERT INTO b_dental_item_subgroup VALUES ('DT2010000000028', '1300000000055', 'DT060500', 'ปริทันต์ 5', '1');
INSERT INTO b_dental_item_subgroup VALUES ('DT2010000000029', '1300000000055', 'DT060600', 'ปริทันต์ 6', '1');
INSERT INTO b_dental_item_subgroup VALUES ('DT2010000000030', '1300000000055', 'DT060700', 'ปริทันต์ 7', '1');
INSERT INTO b_dental_item_subgroup VALUES ('DT2010000000031', '1300000000055', 'DT060800', 'ปริทันต์ 8', '1');
INSERT INTO b_dental_item_subgroup VALUES ('DT2010000000032', '1300000000056', 'DT070100', 'ทันตกรรมป้องกัน 1', '1');
INSERT INTO b_dental_item_subgroup VALUES ('DT2010000000033', '1300000000056', 'DT070200', 'ทันตกรรมป้องกัน 2', '1');
INSERT INTO b_dental_item_subgroup VALUES ('DT2010000000034', '1300000000056', 'DT070300', 'ทันตกรรมป้องกัน 3', '1');
INSERT INTO b_dental_item_subgroup VALUES ('DT2010000000035', '1300000000056', 'DT070400', 'ทันตกรรมป้องกัน 4', '1');
INSERT INTO b_dental_item_subgroup VALUES ('DT2010000000036', '1300000000057', 'DT080100', 'ทันตกรรมสำหรับเด็ก 1', '1');
INSERT INTO b_dental_item_subgroup VALUES ('DT2010000000037', '1300000000057', 'DT080200', 'ทันตกรรมสำหรับเด็ก 2', '1');
INSERT INTO b_dental_item_subgroup VALUES ('DT2010000000038', '1300000000057', 'DT080300', 'ทันตกรรมสำหรับเด็ก 3', '1');
INSERT INTO b_dental_item_subgroup VALUES ('DT2010000000039', '1300000000057', 'DT080400', 'ทันตกรรมสำหรับเด็ก 4', '1');
INSERT INTO b_dental_item_subgroup VALUES ('DT2010000000040', '1300000000057', 'DT080500', 'ทันตกรรมสำหรับเด็ก 5', '1');
INSERT INTO b_dental_item_subgroup VALUES ('DT2010000000041', '1300000000057', 'DT080600', 'ทันตกรรมสำหรับเด็ก 6', '1');
INSERT INTO b_dental_item_subgroup VALUES ('DT2010000000042', '1300000000057', 'DT080700', 'ทันตกรรมสำหรับเด็ก 7', '1');
INSERT INTO b_dental_item_subgroup VALUES ('DT2010000000043', '1300000000058', 'DT090100', 'ทันตกรรมประดิษฐ์ 1', '1');
INSERT INTO b_dental_item_subgroup VALUES ('DT2010000000044', '1300000000058', 'DT090200', 'ทันตกรรมประดิษฐ์ 2', '1');
INSERT INTO b_dental_item_subgroup VALUES ('DT2010000000045', '1300000000058', 'DT090300', 'ทันตกรรมประดิษฐ์ 3', '1');
INSERT INTO b_dental_item_subgroup VALUES ('DT2010000000046', '1300000000058', 'DT090400', 'ทันตกรรมประดิษฐ์ 4', '1');
INSERT INTO b_dental_item_subgroup VALUES ('DT2010000000047', '1300000000058', 'DT090500', 'ทันตกรรมประดิษฐ์ 5', '1');
INSERT INTO b_dental_item_subgroup VALUES ('DT2010000000048', '1300000000058', 'DT090600', 'ทันตกรรมประดิษฐ์ 6', '1');
INSERT INTO b_dental_item_subgroup VALUES ('DT2010000000049', '1300000000058', 'DT090700', 'ทันตกรรมประดิษฐ์ 7', '1');
INSERT INTO b_dental_item_subgroup VALUES ('DT2010000000050', '1300000000058', 'DT090800', 'ทันตกรรมประดิษฐ์ 8', '1');
INSERT INTO b_dental_item_subgroup VALUES ('DT2010000000051', '1300000000058', 'DT090900', 'ทันตกรรมประดิษฐ์ 9', '1');
INSERT INTO b_dental_item_subgroup VALUES ('DT2010000000052', '1300000000059', 'DT100100', 'ทันตศัลยกรรม 1', '1');
INSERT INTO b_dental_item_subgroup VALUES ('DT2010000000053', '1300000000059', 'DT100200', 'ทันตศัลยกรรม 2', '1');
INSERT INTO b_dental_item_subgroup VALUES ('DT2010000000054', '1300000000060', 'DT110100', 'ศัลยกรรมช่องปาก 1', '1');
INSERT INTO b_dental_item_subgroup VALUES ('DT2010000000055', '1300000000060', 'DT110200', 'ศัลยกรรมช่องปาก 2', '1');
INSERT INTO b_dental_item_subgroup VALUES ('DT2010000000056', '1300000000060', 'DT110300', 'ศัลยกรรมช่องปาก 3', '1');
INSERT INTO b_dental_item_subgroup VALUES ('DT2010000000057', '1300000000060', 'DT110400', 'ศัลยกรรมช่องปาก 4', '1');
INSERT INTO b_dental_item_subgroup VALUES ('DT2010000000058', '1300000000060', 'DT110500', 'ศัลยกรรมช่องปาก 5', '1');
INSERT INTO b_dental_item_subgroup VALUES ('DT2010000000059', '1300000000060', 'DT110600', 'ศัลยกรรมช่องปาก 6', '1');
INSERT INTO b_dental_item_subgroup VALUES ('DT2010000000060', '1300000000060', 'DT110700', 'ศัลยกรรมช่องปาก 7', '1');
INSERT INTO b_dental_item_subgroup VALUES ('DT2010000000061', '1300000000061', 'DT120100', 'ทันตกรรมจัดฟัน 1', '1');
INSERT INTO b_dental_item_subgroup VALUES ('DT2010000000062', '1300000000061', 'DT120200', 'ทันตกรรมจัดฟัน 2', '1');
INSERT INTO b_dental_item_subgroup VALUES ('DT2010000000063', '1300000000061', 'DT120300', 'ทันตกรรมจัดฟัน 3', '1');
INSERT INTO b_dental_item_subgroup VALUES ('DT2010000000064', '1300000000061', 'DT120400', 'ทันตกรรมจัดฟัน 4', '1');
INSERT INTO b_dental_item_subgroup VALUES ('DT2010000000065', '1300000000061', 'DT120500', 'ทันตกรรมจัดฟัน 5', '1');
INSERT INTO b_dental_item_subgroup VALUES ('DT2010000000066', '1300000000061', 'DT120600', 'ทันตกรรมจัดฟัน 6', '1');
INSERT INTO b_dental_item_subgroup VALUES ('DT2010000000067', '1300000000061', 'DT120700', 'ทันตกรรมจัดฟัน 7', '1');
INSERT INTO b_dental_item_subgroup VALUES ('DT2010000000068', '1300000000061', 'DT120800', 'ทันตกรรมจัดฟัน 8', '1');
INSERT INTO b_dental_item_subgroup VALUES ('DT2010000000069', '1300000000061', 'DT120900', 'ทันตกรรมจัดฟัน 9', '1');
INSERT INTO b_dental_item_subgroup VALUES ('DT2010000000070', '1300000000062', 'DT130100', 'ทันตกรรมบดเคี้ยว 1', '1');
INSERT INTO b_dental_item_subgroup VALUES ('DT2010000000071', '1300000000062', 'DT130200', 'ทันตกรรมบดเคี้ยว 2', '1');
INSERT INTO b_dental_item_subgroup VALUES ('DT2010000000072', '1300000000062', 'DT130300', 'ทันตกรรมบดเคี้ยว 3', '1');
INSERT INTO b_dental_item_subgroup VALUES ('DT2010000000073', '1300000000062', 'DT130400', 'ทันตกรรมบดเคี้ยว 4', '1');
INSERT INTO b_dental_item_subgroup VALUES ('DT2010000000074', '1300000000062', 'DT130500', 'ทันตกรรมบดเคี้ยว 5', '1');
INSERT INTO b_dental_item_subgroup VALUES ('DT2010000000075', '1300000000062', 'DT130600', 'ทันตกรรมบดเคี้ยว 6', '1');

--Item
INSERT INTO b_item VALUES ('1740000001452', 'DT010101', 'ตรวจวินิจฉัยสภาพของโรคช่องปาก เพื่อส่งผู้ป่วยรักษา', '', 'ตรวจวินิจฉัย', '1', '1300000000050', '1210000000027', '0');
INSERT INTO b_item VALUES ('1740000001453', 'DT010201', 'ตรวจวินิจฉัยสภาพของโรคในช่องปากทั้งหมด และวางแผนการรักษา', '', 'ตรวจวินิจฉัย', '1', '1300000000050', '1210000000027', '0');
INSERT INTO b_item VALUES ('1740000001454', 'DT010301', 'ตรวจวินิจฉัยสภาพของโรคในช่องปาก ที่ต้องอาศัยการตรวจทางห้องปฏิบัติการร่วมด้วย', '', 'ตรวจวินิจฉัย', '1', '1300000000050', '1210000000027', '0');
INSERT INTO b_item VALUES ('1740000001455', 'DT020101', 'ตรวจวินิจฉัย ภาพถ่ายรังสีที่ใช้เทคนิคในช่องปาก', '', 'ตรวจวินิจฉัย', '1', '1300000000051', '1210000000033', '0');
INSERT INTO b_item VALUES ('1740000001456', 'DT020201', 'ตรวจวินิจฉัย ภาพถ่ายรังสีที่ใช้เทคนิคนอกช่องปาก', '', 'ตรวจวินิจฉัย', '1', '1300000000051', '1210000000033', '0');
INSERT INTO b_item VALUES ('1740000001457', 'DT030101', 'ให้ยาก่อนและ/หรือหลังรักษา', '', '', '1', '1300000000052', '1210000000027', '0');
INSERT INTO b_item VALUES ('1740000001458', 'DT030201', 'ตรวจวินิจฉัยรอยโรคในช่องปากที่มีสาเหตุมาจากDevelopment Condition', '', 'ตรวจวินิจฉัย', '1', '1300000000052', '1210000000027', '0');
INSERT INTO b_item VALUES ('1740000001459', 'DT030301', 'ตรวจวินิจฉัย และรักษารอยโรคที่มีสาเหตุมาจากการติดเชื้อ', '', 'ตรวจวินิจฉัย', '1', '1300000000052', '1210000000027', '0');
INSERT INTO b_item VALUES ('1740000001460', 'DT030302', 'ตรวจวินิจฉัย และรักษารอยโรคที่มีสาเหตุมาจากการติดเชื้อรา', '', 'ตรวจวินิจฉัย', '1', '1300000000052', '1210000000027', '0');
INSERT INTO b_item VALUES ('1740000001461', 'DT030303', 'ตรวจวินิจฉัย และรักษารอยโรคที่มีสาเหตุมาจากการติดเชื้อแบคทีเรีย', '', 'ตรวจวินิจฉัย', '1', '1300000000052', '1210000000027', '0');
INSERT INTO b_item VALUES ('1740000001462', 'DT030304', 'ตรวจวินิจฉัย และรักษารอยโรคที่มีสาเหตุมาจากการติดเชื้อไวรัส', '', 'ตรวจวินิจฉัย', '1', '1300000000052', '1210000000027', '0');
INSERT INTO b_item VALUES ('1740000001463', 'DT030401', 'ตรวจวินิจฉัยและรักษารอยโรคที่ไม่ได้มีสาเหตุจากการติดเชื้อเช่นRecurrent Apthous,Traumatic Ulcer,Burn,รอยโรคที่เกิดจากการแพ้', '', 'ตรวจวินิจฉัย', '1', '1300000000052', '1210000000027', '0');
INSERT INTO b_item VALUES ('1740000001464', 'DT030501', 'ตรวจวินิจฉัยและรักษารอยโรคที่มีอาการทางผิวหนังร่วมด้วย', '', 'ตรวจวินิจฉัย', '1', '1300000000052', '1210000000027', '0');
INSERT INTO b_item VALUES ('1740000001465', 'DT030601', 'การตรวจวินิจฉัยและรักษา0rofacial-Pain', '', 'ตรวจวินิจฉัย', '1', '1300000000052', '1210000000027', '0');
INSERT INTO b_item VALUES ('1740000001466', 'DT040101', 'อุดฟัน Class I  Amalgam', '', 'อุดฟัน', '1', '1300000000053', '1210000000028', '0');
INSERT INTO b_item VALUES ('1740000001467', 'DT040102', 'อุดฟัน Class V amalgam', '', 'อุดฟัน', '1', '1300000000053', '1210000000028', '0');
INSERT INTO b_item VALUES ('1740000001468', 'DT040103', 'อุดฟันClass I Toothlike material', '', 'อุดฟัน', '1', '1300000000053', '1210000000028', '0');
INSERT INTO b_item VALUES ('1740000001469', 'DT040104', 'อุดฟันClass III Toothlike material  (direct)', '', 'อุดฟัน', '1', '1300000000053', '1210000000028', '0');
INSERT INTO b_item VALUES ('1740000001470', 'DT040105', 'อุดฟันClass V Toothlike material', '', 'อุดฟัน', '1', '1300000000053', '1210000000028', '0');
INSERT INTO b_item VALUES ('1740000001471', 'DT040106', 'อุดฟัน cl.II direct', '', 'อุดฟัน', '1', '1300000000053', '1210000000028', '0');
INSERT INTO b_item VALUES ('1740000001472', 'DT040107', 'อุดฟันชั่วคราว', '', 'อุดฟัน', '1', '1300000000053', '1210000000028', '0');
INSERT INTO b_item VALUES ('1740000001473', 'DT040201', 'อุดฟันClass I Compound Amalgam', '', 'อุดฟัน', '1', '1300000000053', '1210000000028', '0');
INSERT INTO b_item VALUES ('1740000001474', 'DT040202', 'อุดฟันClass II Amalgam', '', 'อุดฟัน', '1', '1300000000053', '1210000000028', '0');
INSERT INTO b_item VALUES ('1740000001475', 'DT040203', 'อุดฟันClass I compound Toothlike', '', 'อุดฟัน', '1', '1300000000053', '1210000000028', '0');
INSERT INTO b_item VALUES ('1740000001476', 'DT040204', 'อุดฟันClass II Toothlike', '', 'อุดฟัน', '1', '1300000000053', '1210000000028', '0');
INSERT INTO b_item VALUES ('1740000001477', 'DT040205', 'class III toothlike', '', '', '1', '1300000000053', '1210000000028', '0');
INSERT INTO b_item VALUES ('1740000001478', 'DT040206', 'classV toothlike', '', '', '1', '1300000000053', '1210000000028', '0');
INSERT INTO b_item VALUES ('1740000001479', 'DT040207', 'classV amalgam', '', '', '1', '1300000000053', '1210000000028', '0');
INSERT INTO b_item VALUES ('1740000001480', 'DT040301', 'อุดฟันตั้งแต่ 3 ด้าน ขึ้นไปด้วยAmalgam', '', 'อุดฟัน', '1', '1300000000053', '1210000000028', '0');
INSERT INTO b_item VALUES ('1740000001481', 'DT040302', 'อุดฟันตั้งแต่ 3 ด้าน ขึ้นไปด้วยToothlike(cl.III,cl.V,cl.IV]', '', 'อุดฟัน', '1', '1300000000053', '1210000000028', '0');
INSERT INTO b_item VALUES ('1740000001482', 'DT040303', 'อุดฟันด้วยการเสริม pin', '', 'อุดฟัน', '1', '1300000000053', '1210000000028', '0');
INSERT INTO b_item VALUES ('1740000001483', 'DT040304', 'อุดฟันแบบ Facing Direct Technique', '', 'อุดฟัน', '1', '1300000000053', '1210000000028', '0');
INSERT INTO b_item VALUES ('1740000001484', 'DT040305', 'อุดฟัน Diastema', '', 'อุดฟัน', '1', '1300000000053', '1210000000028', '0');
INSERT INTO b_item VALUES ('1740000001485', 'DT040306', 'การใส่ Band เพื่อบูรณะฟัน', '', '', '1', '1300000000053', '1210000000028', '0');
INSERT INTO b_item VALUES ('1740000001486', 'DT040307', 'อุดฟันด้วยGOLD FOIL', '', 'อุดฟัน', '1', '1300000000053', '1210000000028', '0');
INSERT INTO b_item VALUES ('1740000001487', 'DT040401', 'อุดฟัน Indirect Veneer', '', 'อุดฟัน', '1', '1300000000053', '1210000000028', '0');
INSERT INTO b_item VALUES ('1740000001488', 'DT040402', 'อุดฟัน Inlay', '', 'อุดฟัน', '1', '1300000000053', '1210000000028', '0');
INSERT INTO b_item VALUES ('1740000001489', 'DT040403', 'อุดฟัน Onlay', '', 'อุดฟัน', '1', '1300000000053', '1210000000028', '0');
INSERT INTO b_item VALUES ('1740000001490', 'DT050101', 'Pulp Capping ฟันแท้(direct/indirect)', '', '', '1', '1300000000054', '1210000000031', '0');
INSERT INTO b_item VALUES ('1740000001491', 'DT050102', 'Pulpotomy ฟันแท้', '', '', '1', '1300000000054', '1210000000031', '0');
INSERT INTO b_item VALUES ('1740000001492', 'DT050103', 'เจาะระบายหนองทางตัวฟัน', '', '', '1', '1300000000054', '1210000000031', '0');
INSERT INTO b_item VALUES ('1740000001493', 'DT050104', 'บูรณะฟัน/ตัดแต่งเหงือกเพื่อการใส่rubber dam', '', '', '1', '1300000000054', '1210000000031', '0');
INSERT INTO b_item VALUES ('1740000001494', 'DT050105', 'BLEACHING(VITAL/NON VITAL TEETH)', '', '', '1', '1300000000054', '1210000000031', '0');
INSERT INTO b_item VALUES ('1740000001495', 'DT050106', 'FOLLOW UP/unspecified endodontic procedure', '', '', '1', '1300000000054', '1210000000031', '0');
INSERT INTO b_item VALUES ('1740000001496', 'DT050201', 'เจาะฟันเพื่อการรักษาคลองรากฟัน', '', '', '1', '1300000000054', '1210000000031', '0');
INSERT INTO b_item VALUES ('1740000001497', 'DT050301', 'การขยาย หรือ ใส่ dressing,Ca(OH)ในฟันรากเดียว', '', '', '1', '1300000000054', '1210000000031', '0');
INSERT INTO b_item VALUES ('1740000001498', 'DT050401', 'การขยาย หรือ ใส่ dressing,Ca(OH)ในฟันหลายราก', '', '', '1', '1300000000054', '1210000000031', '0');
INSERT INTO b_item VALUES ('1740000001499', 'DT050501', 'อุดคลองรากฟันหน้า', '', 'อุดคลองรากฟัน', '1', '1300000000054', '1210000000031', '0');
INSERT INTO b_item VALUES ('1740000001500', 'DT050601', 'อุดคลองรากฟันกรามน้อย', '', 'อุดคลองรากฟัน', '1', '1300000000054', '1210000000031', '0');
INSERT INTO b_item VALUES ('1740000001501', 'DT050701', 'อุดคลองรากฟันกราม', '', 'อุดคลองรากฟัน', '1', '1300000000054', '1210000000031', '0');
INSERT INTO b_item VALUES ('1740000001502', 'DT050801', 'อุดคลองรากฟัน ONE VISIT', '', 'อุดคลองรากฟัน', '1', '1300000000054', '1210000000031', '0');
INSERT INTO b_item VALUES ('1740000001503', 'DT050802', 'อุดคลองรากฟัน Retreat/CloseSinus Openingที่ใช้เวลามากกว่า 2 ครั้ง', '', 'อุดคลองรากฟัน', '1', '1300000000054', '1210000000031', '0');
INSERT INTO b_item VALUES ('1740000001504', 'DT050803', 'อุดคลองรากฟัน Removal of Broken Instrument', '', 'อุดคลองรากฟัน', '1', '1300000000054', '1210000000031', '0');
INSERT INTO b_item VALUES ('1740000001505', 'DT050804', 'อุดคลองรากฟัน Pulp Obliteration', '', 'อุดคลองรากฟัน', '1', '1300000000054', '1210000000031', '0');
INSERT INTO b_item VALUES ('1740000001506', 'DT050805', 'อุดคลองรากฟัน Perforation', '', 'อุดคลองรากฟัน', '1', '1300000000054', '1210000000031', '0');
INSERT INTO b_item VALUES ('1740000001507', 'DT050806', 'อุดคลองรากฟัน Root Resorption', '', 'อุดคลองรากฟัน', '1', '1300000000054', '1210000000031', '0');
INSERT INTO b_item VALUES ('1740000001508', 'DT050807', 'อุดคลองรากฟัน Apexification', '', 'อุดคลองรากฟัน', '1', '1300000000054', '1210000000031', '0');
INSERT INTO b_item VALUES ('1740000001509', 'DT050808', 'อุดคลองรากฟัน Treatment of Traumatized Teeth', '', 'อุดคลองรากฟัน', '1', '1300000000054', '1210000000031', '0');
INSERT INTO b_item VALUES ('1740000001510', 'DT050809', 'อุดคลองรากฟัน C shape', '', 'อุดคลองรากฟัน', '1', '1300000000054', '1210000000031', '0');
INSERT INTO b_item VALUES ('1740000001511', 'DT060101', 'สอนการทำความสะอาดฟันและช่องปาก', '', 'สอน', '1', '1300000000055', '1210000000027', '0');
INSERT INTO b_item VALUES ('1740000001512', 'DT060102', 'สอนการแปรงฟัน', '', 'สอน', '1', '1300000000055', '1210000000027', '0');
INSERT INTO b_item VALUES ('1740000001513', 'DT060103', 'สอนการใช้ไหมขัดฟัน', '', 'สอน', '1', '1300000000055', '1210000000027', '0');
INSERT INTO b_item VALUES ('1740000001514', 'DT060104', 'สอนการใช้แปรงซอกฟัน', '', 'สอน', '1', '1300000000055', '1210000000027', '0');
INSERT INTO b_item VALUES ('1740000001515', 'DT060105', 'สอนการใช้RUBBER TIP', '', 'สอน', '1', '1300000000055', '1210000000027', '0');
INSERT INTO b_item VALUES ('1740000001516', 'DT060106', 'สอนการใช้แปรงกอเดียว', '', 'สอน', '1', '1300000000055', '1210000000027', '0');
INSERT INTO b_item VALUES ('1740000001517', 'DT060107', 'สอนการใช้ GAUZE STRIP', '', 'สอน', '1', '1300000000055', '1210000000027', '0');
INSERT INTO b_item VALUES ('1740000001518', 'DT060108', 'สอนการใช้ไม้จิ้มฟัน', '', 'สอน', '1', '1300000000055', '1210000000027', '0');
INSERT INTO b_item VALUES ('1740000001519', 'DT060109', 'ให้คำปรึกษาทางโภชนาการ(diet counseling)', '', '', '1', '1300000000055', '1210000000027', '0');
INSERT INTO b_item VALUES ('1740000001520', 'DT060201', 'ขูดหินน้ำลายและขัดฟัน', '', '', '1', '1300000000055', '1210000000027', '0');
INSERT INTO b_item VALUES ('1740000001521', 'DT060301', 'ตรวจทางปริทันต์', '', '', '1', '1300000000055', '1210000000027', '0');
INSERT INTO b_item VALUES ('1740000001522', 'DT060302', 'ล้างแผล', '', '', '1', '1300000000055', '1210000000027', '0');
INSERT INTO b_item VALUES ('1740000001523', 'DT060303', 'เปลี่ยนยาปิดแผลปริทันต์', '', '', '1', '1300000000055', '1210000000027', '0');
INSERT INTO b_item VALUES ('1740000001524', 'DT060304', 'PERIODONTAL  MAINTENANCE PROCEDURE', '', '', '1', '1300000000055', '1210000000027', '0');
INSERT INTO b_item VALUES ('1740000001525', 'DT060305', 'PERIODONTAL DRESSING', '', '', '1', '1300000000055', '1210000000027', '0');
INSERT INTO b_item VALUES ('1740000001526', 'DT060306', 'ทำPLAQUE INDEX', '', '', '1', '1300000000055', '1210000000027', '0');
INSERT INTO b_item VALUES ('1740000001527', 'DT060307', 'TREAT COMPLICATION FROM PERIODONTAL PROCEDURE', '', '', '1', '1300000000055', '1210000000027', '0');
INSERT INTO b_item VALUES ('1740000001528', 'DT060308', 'พิมพ์ปากทำเครื่องมือทางปริทันต์', '', '', '1', '1300000000055', '1210000000027', '0');
INSERT INTO b_item VALUES ('1740000001529', 'DT060309', 'UNSPECIFIED PERIODONTAL PROCEDURE', '', '', '1', '1300000000055', '1210000000027', '0');
INSERT INTO b_item VALUES ('1740000001530', 'DT060310', 'recontour tooth', '', '', '1', '1300000000055', '1210000000027', '0');
INSERT INTO b_item VALUES ('1740000001531', 'DT060401', 'ROOT PLANNING', '', '', '1', '1300000000055', '1210000000027', '0');
INSERT INTO b_item VALUES ('1740000001532', 'DT060402', 'SUBGINGIVAL CURETTAGE', '', '', '1', '1300000000055', '1210000000027', '0');
INSERT INTO b_item VALUES ('1740000001533', 'DT060403', 'DRAIN ABSCESS', '', '', '1', '1300000000055', '1210000000027', '0');
INSERT INTO b_item VALUES ('1740000001534', 'DT060404', 'ใส่เหงือกปลอม', '', '', '1', '1300000000055', '1210000000027', '0');
INSERT INTO b_item VALUES ('1740000001535', 'DT060405', 'SPLINT ฟัน', '', '', '1', '1300000000055', '1210000000027', '0');
INSERT INTO b_item VALUES ('1740000001536', 'DT060406', 'ถอด SPLINT', '', '', '1', '1300000000055', '1210000000027', '0');
INSERT INTO b_item VALUES ('1740000001537', 'DT060407', 'แก้ไขMARGIN /CONTOUR OF RESTORATION', '', '', '1', '1300000000055', '1210000000027', '0');
INSERT INTO b_item VALUES ('1740000001538', 'DT060501', 'GINGIVECTOMY', '', '', '1', '1300000000055', '1210000000027', '0');
INSERT INTO b_item VALUES ('1740000001539', 'DT060502', 'GINGIVOPLASTY', '', '', '1', '1300000000055', '1210000000027', '0');
INSERT INTO b_item VALUES ('1740000001540', 'DT060503', 'FRENECTOMY', '', '', '1', '1300000000055', '1210000000027', '0');
INSERT INTO b_item VALUES ('1740000001541', 'DT060504', 'ENAP', '', '', '1', '1300000000055', '1210000000027', '0');
INSERT INTO b_item VALUES ('1740000001542', 'DT060601', 'FLAP OPERATION', '', '', '1', '1300000000055', '1210000000027', '0');
INSERT INTO b_item VALUES ('1740000001543', 'DT060602', 'MODIFIED WIDMAN''S FLAP', '', '', '1', '1300000000055', '1210000000027', '0');
INSERT INTO b_item VALUES ('1740000001544', 'DT060603', 'OPEN FLAP CURETTAGE', '', '', '1', '1300000000055', '1210000000027', '0');
INSERT INTO b_item VALUES ('1740000001545', 'DT060604', 'MESIAL AND DISTAL WEDGE OPERATION', '', '', '1', '1300000000055', '1210000000027', '0');
INSERT INTO b_item VALUES ('1740000001546', 'DT060605', 'MESIAL AND DISTAL WEDGE OPERATION ร่วมกับPERIODENTAL FLAP อื่น', '', '', '1', '1300000000055', '1210000000027', '0');
INSERT INTO b_item VALUES ('1740000001547', 'DT060606', 'CROWN LENGTHENING HARD AND SOFT TISSUE', '', '', '1', '1300000000055', '1210000000027', '0');
INSERT INTO b_item VALUES ('1740000001548', 'DT060607', 'HEMISECTION', '', '', '1', '1300000000055', '1210000000027', '0');
INSERT INTO b_item VALUES ('1740000001549', 'DT060608', 'ROOT AMPUTATION', '', '', '1', '1300000000055', '1210000000027', '0');
INSERT INTO b_item VALUES ('1740000001550', 'DT060701', 'MUCOGINGIVAL SURGERY', '', '', '1', '1300000000055', '1210000000027', '0');
INSERT INTO b_item VALUES ('1740000001551', 'DT060702', 'APICALLY POSITIONED FLAP', '', '', '1', '1300000000055', '1210000000027', '0');
INSERT INTO b_item VALUES ('1740000001552', 'DT060703', 'CORONALLY POSITIONED FLAP', '', '', '1', '1300000000055', '1210000000027', '0');
INSERT INTO b_item VALUES ('1740000001553', 'DT060704', 'PEDICLE SOFT TISSUE GRAFT', '', '', '1', '1300000000055', '1210000000027', '0');
INSERT INTO b_item VALUES ('1740000001554', 'DT060705', 'FREE SOFT TISSUE GRAFT PROCEDURE', '', '', '1', '1300000000055', '1210000000027', '0');
INSERT INTO b_item VALUES ('1740000001555', 'DT060801', 'OSSEOUS SURGERY', '', '', '1', '1300000000055', '1210000000027', '0');
INSERT INTO b_item VALUES ('1740000001556', 'DT060802', 'BONE GRAFT', '', '', '1', '1300000000055', '1210000000027', '0');
INSERT INTO b_item VALUES ('1740000001557', 'DT060803', 'GUIDE TISSUE REGENERATION', '', '', '1', '1300000000055', '1210000000027', '0');
INSERT INTO b_item VALUES ('1740000001558', 'DT070101', 'การขัดฟันและ/หรือการใช้ไหมขัดฟันเพื่อขจัดPlaque', '', '', '1', '1300000000056', '1210000000027', '0');
INSERT INTO b_item VALUES ('1740000001559', 'DT070201', 'เคลือบฟันด้วยสารฟลูออไรด์', '', 'เคลือบ', '1', '1300000000056', '1210000000027', '0');
INSERT INTO b_item VALUES ('1740000001560', 'DT070301', 'เคลือบปิดหลุมร่องฟัน', '', 'เคลือบ', '1', '1300000000056', '1210000000027', '0');
INSERT INTO b_item VALUES ('1740000001561', 'DT070401', 'งานPreventive Resin Restoration', '', '', '1', '1300000000056', '1210000000027', '0');
INSERT INTO b_item VALUES ('1740000001562', 'DT080101', 'การจัดการโดยการหว่านล้อมด้วยคำพูด (TSD)', '', '', '1', '1300000000057', '1210000000027', '0');
INSERT INTO b_item VALUES ('1740000001563', 'DT080102', 'การจัดการโดยการยกระดับเสียง (Voice)', '', '', '1', '1300000000057', '1210000000027', '0');
INSERT INTO b_item VALUES ('1740000001564', 'DT080103', 'การจัดการโดยการใช้PapooseBoard', '', '', '1', '1300000000057', '1210000000027', '0');
INSERT INTO b_item VALUES ('1740000001565', 'DT080104', 'การจัดการโดยHandOverMouthExercise', '', '', '1', '1300000000057', '1210000000027', '0');
INSERT INTO b_item VALUES ('1740000001566', 'DT080105', 'การใช้ยารับประทาน(concious  sedation)', '', '', '1', '1300000000057', '1210000000027', '0');
INSERT INTO b_item VALUES ('1740000001567', 'DT080201', 'การพิมพ์ปากเพื่อทำเครื่องมือกันที่', '', '', '1', '1300000000057', '1210000000027', '0');
INSERT INTO b_item VALUES ('1740000001568', 'DT080202', 'การลองBand', '', '', '1', '1300000000057', '1210000000027', '0');
INSERT INTO b_item VALUES ('1740000001569', 'DT080203', 'การRecementationของ Space Maintainer', '', '', '1', '1300000000057', '1210000000027', '0');
INSERT INTO b_item VALUES ('1740000001570', 'DT080204', 'การเจาะฟันเพื่อการรักษารากฟันน้ำนม', '', '', '1', '1300000000057', '1210000000027', '0');
INSERT INTO b_item VALUES ('1740000001571', 'DT080205', 'การล้าง และขยาย ใส่ยาในคลองรากฟันน้ำนม', '', '', '1', '1300000000057', '1210000000031', '0');
INSERT INTO b_item VALUES ('1740000001572', 'DT080302', 'Pulpotomy ในฟันน้ำนม', '', '', '1', '1300000000057', '1210000000027', '0');
INSERT INTO b_item VALUES ('1740000001573', 'DT080401', 'Pulpectomy หรือ RCTในฟันน้ำนม visitที่อุดรากฟัน', '', '', '1', '1300000000057', '1210000000027', '0');
INSERT INTO b_item VALUES ('1740000001574', 'DT080501', 'ทำPolycarbonate Crown', '', '', '1', '1300000000057', '1210000000027', '0');
INSERT INTO b_item VALUES ('1740000001575', 'DT080502', 'ทำ Stainless Steel Crown', '', '', '1', '1300000000057', '1210000000027', '0');
INSERT INTO b_item VALUES ('1740000001576', 'DT080503', 'ทำ Composite Resin Crown (Strip Crown)', '', '', '1', '1300000000057', '1210000000027', '0');
INSERT INTO b_item VALUES ('1740000001577', 'DT080601', 'ใส่เครื่องมือกันที่ ชนิดถอดได้', '', '', '1', '1300000000057', '1210000000027', '0');
INSERT INTO b_item VALUES ('1740000001578', 'DT080602', 'ใส่เครื่องมือกันที่ ชนิดติดแน่น', '', '', '1', '1300000000057', '1210000000027', '0');
INSERT INTO b_item VALUES ('1740000001579', 'DT080701', 'การจัดการพฤติกรรมเด็กโดยใช้ยาและแก๊ส', '', 'การจัดการพฤติกรรม', '1', '1300000000057', '1210000000027', '0');
INSERT INTO b_item VALUES ('1740000001580', 'DT080702', 'การจัดการพฤติกรรมเด็กโดยการดมยาสลบ', '', 'การจัดการพฤติกรรม', '1', '1300000000057', '1210000000027', '0');
INSERT INTO b_item VALUES ('1740000001581', 'DT080703', 'การจัดการพฤติกรรมเด็กโดยการใช้ยาทางเส้นเลือด', '', 'การจัดการพฤติกรรม', '1', '1300000000057', '1210000000027', '0');
INSERT INTO b_item VALUES ('1740000001582', 'DT090101', 'การพิมพ์ปากเพื่อทำแบบของฟันปลอม', '', '', '1', '1300000000058', '1210000000027', '0');
INSERT INTO b_item VALUES ('1740000001583', 'DT090102', 'การกรอฟันเพื่อทำครอบฟัน หรือสะพานฟัน ค้างไว้', '', '', '1', '1300000000058', '1210000000027', '0');
INSERT INTO b_item VALUES ('1740000001584', 'DT090103', 'การทำMuscle Mold ค้างไว้', '', '', '1', '1300000000058', '1210000000027', '0');
INSERT INTO b_item VALUES ('1740000001585', 'DT090201', 'Recheck และกรอแก้ไขฟันปลอมทุกชนิด', '', '', '1', '1300000000058', '1210000000027', '0');
INSERT INTO b_item VALUES ('1740000001586', 'DT090202', 'Repair', '', '', '1', '1300000000058', '1210000000027', '0');
INSERT INTO b_item VALUES ('1740000001587', 'DT090203', 'Reline', '', '', '1', '1300000000058', '1210000000027', '0');
INSERT INTO b_item VALUES ('1740000001588', 'DT090204', 'Rebase', '', '', '1', '1300000000058', '1210000000027', '0');
INSERT INTO b_item VALUES ('1740000001589', 'DT090205', 'เติมฟัน', '', '', '1', '1300000000058', '1210000000027', '0');
INSERT INTO b_item VALUES ('1740000001590', 'DT090206', 'Recement crown / bridge/inlay/ onlay', '', '', '1', '1300000000058', '1210000000027', '0');
INSERT INTO b_item VALUES ('1740000001591', 'DT090207', 'ทำ Soft tissue Model', '', '', '1', '1300000000058', '1210000000027', '0');
INSERT INTO b_item VALUES ('1740000001592', 'DT090208', 'ทำ Model Analysis/Wax up Model', '', '', '1', '1300000000058', '1210000000027', '0');
INSERT INTO b_item VALUES ('1740000001593', 'DT090209', 'ทำ Break Joint และ Pick up Model เพื่อSolder ใหม่ในงาน Bridge', '', '', '1', '1300000000058', '1210000000027', '0');
INSERT INTO b_item VALUES ('1740000001594', 'DT090210', 'Survey Model เพื่อทำฟันปลอม', '', '', '1', '1300000000058', '1210000000027', '0');
INSERT INTO b_item VALUES ('1740000001595', 'DT090211', 'การรื้อ Pin, Crown ,Bridge', '', '', '1', '1300000000058', '1210000000027', '0');
INSERT INTO b_item VALUES ('1740000001596', 'DT090301', 'การกรอฟัน จนถึงFinal ImpressionในงานPartial denture/Crown/Bridge', '', '', '1', '1300000000058', '1210000000027', '0');
INSERT INTO b_item VALUES ('1740000001597', 'DT090302', 'การ Try in ทุกชนิด', '', '', '1', '1300000000058', '1210000000027', '0');
INSERT INTO b_item VALUES ('1740000001598', 'DT090303', 'การTransfer Face Bow', '', '', '1', '1300000000058', '1210000000027', '0');
INSERT INTO b_item VALUES ('1740000001599', 'DT090304', 'การทำ Occlusal Record', '', '', '1', '1300000000058', '1210000000027', '0');
INSERT INTO b_item VALUES ('1740000001600', 'DT090401', 'การลอง Individual Tray/Muscle Mold จนถึงพิมพ์แบบในงาน Complete Denture', '', '', '1', '1300000000058', '1210000000027', '0');
INSERT INTO b_item VALUES ('1740000001601', 'DT090402', 'การลอง Bite Block  รวมถึงการทำ Bite Registration', '', '', '1', '1300000000058', '1210000000027', '0');
INSERT INTO b_item VALUES ('1740000001602', 'DT090403', 'การพิมพ์ปากในงานMaxillofacial Prosthesis Implant', '', '', '1', '1300000000058', '1210000000027', '0');
INSERT INTO b_item VALUES ('1740000001603', 'DT090404', 'การพิมพ์ Functional Impression ในกรณี Free end Saddle', '', '', '1', '1300000000058', '1210000000027', '0');
INSERT INTO b_item VALUES ('1740000001604', 'DT090405', 'การทำ Alter Cast ในห้องปฏิบัติการ', '', '', '1', '1300000000058', '1210000000027', '0');
INSERT INTO b_item VALUES ('1740000001605', 'DT090406', 'การเข้า Articulator', '', '', '1', '1300000000058', '1210000000027', '0');
INSERT INTO b_item VALUES ('1740000001606', 'DT090407', 'การทำ Core Build Upด้วยAmalgam/Composite/GI', '', '', '1', '1300000000058', '1210000000027', '0');
INSERT INTO b_item VALUES ('1740000001607', 'DT090408', 'การลองฟันในงาน Complete Denture หรือ Partial Denture อย่างยาก', '', '', '1', '1300000000058', '1210000000027', '0');
INSERT INTO b_item VALUES ('1740000001608', 'DT090501', 'การใส่ T.P.', '', '', '1', '1300000000058', '1210000000027', '0');
INSERT INTO b_item VALUES ('1740000001609', 'DT090502', 'การใส่ Temporary Crown หรือ Bridgeหรือ Jacket  Crown', '', '', '1', '1300000000058', '1210000000027', '0');
INSERT INTO b_item VALUES ('1740000001610', 'DT090601', 'การใส่ Partial Denture ชนิดโครงโลหะ', '', '', '1', '1300000000058', '1210000000027', '0');
INSERT INTO b_item VALUES ('1740000001611', 'DT090602', 'การใส่ Maxillofacial Prosthesis อย่างง่ายเช่น Acrylic Stentกรณี Reduce Fracture,Hemorrhagic Stent,Surgical Stent Prosthesis', '', '', '1', '1300000000058', '1210000000027', '0');
INSERT INTO b_item VALUES ('1740000001612', 'DT090603', 'การใส่ Treatment Denture', '', '', '1', '1300000000058', '1210000000027', '0');
INSERT INTO b_item VALUES ('1740000001613', 'DT090604', 'insert RB', '', '', '1', '1300000000058', '1210000000027', '0');
INSERT INTO b_item VALUES ('1740000001614', 'DT090701', 'การใส่ Complete Denture', '', '', '1', '1300000000058', '1210000000027', '0');
INSERT INTO b_item VALUES ('1740000001615', 'DT090702', 'การใส่ Single Complete Denture', '', '', '1', '1300000000058', '1210000000027', '0');
INSERT INTO b_item VALUES ('1740000001616', 'DT090801', 'การใส่ Post&Core', '', '', '1', '1300000000058', '1210000000027', '0');
INSERT INTO b_item VALUES ('1740000001617', 'DT090802', 'การใส่ Crown', '', '', '1', '1300000000058', '1210000000027', '0');
INSERT INTO b_item VALUES ('1740000001618', 'DT090803', 'การใส่ Bridge(ไม่เกิน 5 unit)', '', '', '1', '1300000000058', '1210000000027', '0');
INSERT INTO b_item VALUES ('1740000001619', 'DT090804', 'การทำ Crown For Clasping', '', '', '1', '1300000000058', '1210000000027', '0');
INSERT INTO b_item VALUES ('1740000001620', 'DT090901', 'การใส่Long Span Bridgeมากกว่า 5 unit ขึ้นไปหรือทำFull mouth rehabilitation', '', '', '1', '1300000000058', '1210000000027', '0');
INSERT INTO b_item VALUES ('1740000001621', 'DT090902', 'การใส่ Partial Dentureอย่างยากเช่น Attachment,Overlay denture,Swing-lock', '', '', '1', '1300000000058', '1210000000027', '0');
INSERT INTO b_item VALUES ('1740000001622', 'DT090903', 'การใส่ Maxillofacial prosthesisอย่างยากเช่น 0bturator ในผู้ใหญ่', '', '', '1', '1300000000058', '1210000000027', '0');
INSERT INTO b_item VALUES ('1740000001623', 'DT090904', 'การใส่ Implant prosthesis', '', '', '1', '1300000000058', '1210000000027', '0');
INSERT INTO b_item VALUES ('1740000001624', 'DT100101', 'ถอนฟันแท้หรือฟันน้ำนมโดยปกติทั่วไป', '', '', '1', '1300000000059', '1210000000025', '0');
INSERT INTO b_item VALUES ('1740000001625', 'DT100201', 'ถอนฟันที่ยากหรือมีปัญหา', '', '', '1', '1300000000059', '1210000000025', '0');
INSERT INTO b_item VALUES ('1740000001626', 'DT110101', 'การติดตามการรักษาผู้ป่วย', '', '', '1', '1300000000060', '1210000000027', '0');
INSERT INTO b_item VALUES ('1740000001627', 'DT110102', 'การล้างแผล', '', '', '1', '1300000000060', '1210000000027', '0');
INSERT INTO b_item VALUES ('1740000001628', 'DT110103', 'การเปลี่ยนdrainหรือ off drain', '', '', '1', '1300000000060', '1210000000027', '0');
INSERT INTO b_item VALUES ('1740000001629', 'DT110104', 'การห้ามเลือดที่ไม่ยุ่งยาก', '', '', '1', '1300000000060', '1210000000027', '0');
INSERT INTO b_item VALUES ('1740000001630', 'DT110105', 'การพิมพ์ปากเพื่อทำ Surgical Splint', '', '', '1', '1300000000060', '1210000000027', '0');
INSERT INTO b_item VALUES ('1740000001631', 'DT110106', 'การSplintฟันด้วยลวด/Acrylic', '', '', '1', '1300000000060', '1210000000027', '0');
INSERT INTO b_item VALUES ('1740000001632', 'DT110107', 'การถอด Arch Bar', '', '', '1', '1300000000060', '1210000000027', '0');
INSERT INTO b_item VALUES ('1740000001633', 'DT110108', 'การเย็บแผลในช่องปากหรือนอกปากเนื่องจากอุบัติเหตุ < 5 cm', '', '', '1', '1300000000060', '1210000000027', '0');
INSERT INTO b_item VALUES ('1740000001634', 'DT110109', 'การเจาะหนองในช่องปากที่มีขนาดเล็กและไม่ยุ่งยาก', '', '', '1', '1300000000060', '1210000000027', '0');
INSERT INTO b_item VALUES ('1740000001635', 'DT110110', 'งานเบ็ดเตล็ดทางศัลยกรรม', '', '', '1', '1300000000060', '1210000000027', '0');
INSERT INTO b_item VALUES ('1740000001636', 'DT110201', 'การผ่าตัด Soft tissue impaction หรือ MA,DA impaction', '', '', '1', '1300000000060', '1210000000027', '0');
INSERT INTO b_item VALUES ('1740000001637', 'DT110202', 'การตัดแต่งสันกระดูก', '', '', '1', '1300000000060', '1210000000027', '0');
INSERT INTO b_item VALUES ('1740000001638', 'DT110203', 'การทำRoot Resectionหรือ Retrogradeในฟันหน้า', '', '', '1', '1300000000060', '1210000000027', '0');
INSERT INTO b_item VALUES ('1740000001639', 'DT110204', 'การตัดเนื้องอกขนาดเล็ก < 1.25 ซม.', '', '', '1', '1300000000060', '1210000000027', '0');
INSERT INTO b_item VALUES ('1740000001640', 'DT110205', 'การทำTorectomyขนาดเล็ก < 1.25 ซม.', '', '', '1', '1300000000060', '1210000000027', '0');
INSERT INTO b_item VALUES ('1740000001641', 'DT110206', 'การควักถุงน้ำขนาดเล็ก < 1.25 ซม.', '', '', '1', '1300000000060', '1210000000027', '0');
INSERT INTO b_item VALUES ('1740000001642', 'DT110207', 'การทำ biopsy', '', '', '1', '1300000000060', '1210000000027', '0');
INSERT INTO b_item VALUES ('1740000001643', 'DT110208', 'การเจาะหนองในช่องปากที่ยาก', '', '', '1', '1300000000060', '1210000000027', '0');
INSERT INTO b_item VALUES ('1740000001644', 'DT110209', 'การเจาะหนองนอกช่องปากที่ง่าย', '', '', '1', '1300000000060', '1210000000027', '0');
INSERT INTO b_item VALUES ('1740000001645', 'DT110210', 'การห้ามเลือดที่ยาก (ใช้  stent )', '', '', '1', '1300000000060', '1210000000027', '0');
INSERT INTO b_item VALUES ('1740000001646', 'DT110211', 'การทำintra arch Splinting', '', '', '1', '1300000000060', '1210000000027', '0');
INSERT INTO b_item VALUES ('1740000001647', 'DT110212', 'การทำ operculectomy', '', '', '1', '1300000000060', '1210000000027', '0');
INSERT INTO b_item VALUES ('1740000001648', 'DT110213', 'การฉีด Sclerosing agent', '', '', '1', '1300000000060', '1210000000027', '0');
INSERT INTO b_item VALUES ('1740000001649', 'DT110214', 'การเย็บแผลในช่องปากหรือนอกปากเนื่องจากอุบัติเหตุ >= 5cm', '', '', '1', '1300000000060', '1210000000027', '0');
INSERT INTO b_item VALUES ('1740000001650', 'DT110215', 'งานMinor Oral Surgery', '', '', '1', '1300000000060', '1210000000027', '0');
INSERT INTO b_item VALUES ('1740000001651', 'DT110301', 'การผ่าตัดฟันฝัง(EMBEDED)หรือ Horizontal impaction', '', '', '1', '1300000000060', '1210000000027', '0');
INSERT INTO b_item VALUES ('1740000001652', 'DT110302', 'การทำ Root resection หรือ Retrogradeในฟันหลัง', '', '', '1', '1300000000060', '1210000000027', '0');
INSERT INTO b_item VALUES ('1740000001653', 'DT110303', 'การตัดเนื้องอกขนาดใหญ่(1.25-3 ซม.)', '', '', '1', '1300000000060', '1210000000027', '0');
INSERT INTO b_item VALUES ('1740000001654', 'DT110304', 'การทำtorectomy ขนาดใหญ่ >=1.25cm', '', '', '1', '1300000000060', '1210000000027', '0');
INSERT INTO b_item VALUES ('1740000001655', 'DT110305', 'การควักถุงน้ำขนาดใหญ่(1.25-3cm)', '', '', '1', '1300000000060', '1210000000027', '0');
INSERT INTO b_item VALUES ('1740000001656', 'DT110306', 'การทำ close reductionเพื่อรักษากระดูกขากรรไกรล่างหัก', '', '', '1', '1300000000060', '1210000000027', '0');
INSERT INTO b_item VALUES ('1740000001657', 'DT110307', 'การควักหินน้ำลายในท่อน้ำลาย', '', '', '1', '1300000000060', '1210000000027', '0');
INSERT INTO b_item VALUES ('1740000001658', 'DT110308', 'การทำMarsupialization', '', '', '1', '1300000000060', '1210000000027', '0');
INSERT INTO b_item VALUES ('1740000001659', 'DT110309', 'การทำ Tooth reimplantation', '', '', '1', '1300000000060', '1210000000027', '0');
INSERT INTO b_item VALUES ('1740000001660', 'DT110310', 'การเย็บปิด OAC', '', '', '1', '1300000000060', '1210000000027', '0');
INSERT INTO b_item VALUES ('1740000001661', 'DT110311', 'การห้ามเลือดที่ยากมากและใช้เวลานาน', '', '', '1', '1300000000060', '1210000000027', '0');
INSERT INTO b_item VALUES ('1740000001662', 'DT110312', 'การ off plate หรือ Screw โดยยาชาเฉพาะที่', '', '', '1', '1300000000060', '1210000000027', '0');
INSERT INTO b_item VALUES ('1740000001663', 'DT110313', 'การดมยาสลบเพื่อการถอนฟัน', '', '', '1', '1300000000060', '1210000000027', '0');
INSERT INTO b_item VALUES ('1740000001664', 'DT110314', 'การผ่าตัดเอารากฟันที่หักออก', '', '', '1', '1300000000060', '1210000000027', '0');
INSERT INTO b_item VALUES ('1740000001665', 'DT110315', 'การผ่าตัดร่นสันเหงือก', '', '', '1', '1300000000060', '1210000000027', '0');
INSERT INTO b_item VALUES ('1740000001666', 'DT110316', 'งานMinor Oral Surgeryที่ยาก', '', '', '1', '1300000000060', '1210000000027', '0');
INSERT INTO b_item VALUES ('1740000001667', 'DT110401', 'การเจาะหนองนอกช่องปากที่ยาก', '', '', '1', '1300000000060', '1210000000027', '0');
INSERT INTO b_item VALUES ('1740000001668', 'DT110402', 'การทำ Closed reduction เพื่อรักษากระดูกขากรรไกรล่างหัก ร่วมกับ Surgical splint', '', '', '1', '1300000000060', '1210000000027', '0');
INSERT INTO b_item VALUES ('1740000001669', 'DT110403', 'การทำ Sequestrectomy หรือ decortication', '', '', '1', '1300000000060', '1210000000027', '0');
INSERT INTO b_item VALUES ('1740000001670', 'DT110404', 'การตัดเนื้องอกขนาดใหญ่มาก ( > 3 ซม.)', '', '', '1', '1300000000060', '1210000000027', '0');
INSERT INTO b_item VALUES ('1740000001671', 'DT110405', 'การควักถุงน้ำขนาดใหญ่มาก( > 3 ซม.)', '', '', '1', '1300000000060', '1210000000027', '0');
INSERT INTO b_item VALUES ('1740000001672', 'DT110406', 'การรักษากระดูกจมูกหรือกระดูกโหนกแก้มหักโดย Closed reduction', '', '', '1', '1300000000060', '1210000000027', '0');
INSERT INTO b_item VALUES ('1740000001673', 'DT110407', 'การทำ Cald Well Luc Operation', '', '', '1', '1300000000060', '1210000000027', '0');
INSERT INTO b_item VALUES ('1740000001674', 'DT110408', 'การผ่าตัดฝังรากเทียม', '', '', '1', '1300000000060', '1210000000027', '0');
INSERT INTO b_item VALUES ('1740000001675', 'DT110409', 'การ off plate หรือ Screwภายใต้การดมยาสลบ', '', '', '1', '1300000000060', '1210000000027', '0');
INSERT INTO b_item VALUES ('1740000001676', 'DT110410', 'การเจาะคอ', '', '', '1', '1300000000060', '1210000000027', '0');
INSERT INTO b_item VALUES ('1740000001677', 'DT110411', 'การเย็บปิด OAC ขนาดใหญ่', '', '', '1', '1300000000060', '1210000000027', '0');
INSERT INTO b_item VALUES ('1740000001678', 'DT110412', 'งานMajor Oral Surgery', '', '', '1', '1300000000060', '1210000000027', '0');
INSERT INTO b_item VALUES ('1740000001679', 'DT110501', 'การร่นสันเหงือกร่วมกับการทำ Skin Graft', '', '', '1', '1300000000060', '1210000000027', '0');
INSERT INTO b_item VALUES ('1740000001680', 'DT110502', 'การทำ Ridge Augmentation', '', '', '1', '1300000000060', '1210000000027', '0');
INSERT INTO b_item VALUES ('1740000001681', 'DT110503', 'การตัดต่อมน้ำลายขนาดเล็ก', '', '', '1', '1300000000060', '1210000000027', '0');
INSERT INTO b_item VALUES ('1740000001682', 'DT110504', 'การผ่าตัดใน Cleft lip/Cleft Palate', '', '', '1', '1300000000060', '1210000000027', '0');
INSERT INTO b_item VALUES ('1740000001683', 'DT110505', 'การรักษากระดูกหักแบบ Le Fort ด้วยวิธี Close Reduction', '', '', '1', '1300000000060', '1210000000027', '0');
INSERT INTO b_item VALUES ('1740000001684', 'DT110506', 'งานMajor Oral Surgeryที่ยาก', '', '', '1', '1300000000060', '1210000000027', '0');
INSERT INTO b_item VALUES ('1740000001685', 'DT110601', 'การรักษากระดูกขากรรไกรและใบหน้าหักด้วยวิธี ORIFหรือใช้เครื่องมือพิเศษ', '', '', '1', '1300000000060', '1210000000027', '0');
INSERT INTO b_item VALUES ('1740000001686', 'DT110602', 'การทำBone Graft', '', '', '1', '1300000000060', '1210000000027', '0');
INSERT INTO b_item VALUES ('1740000001687', 'DT110603', 'การตัดต่อมน้ำลายขนาดใหญ่(Parotid gland)', '', '', '1', '1300000000060', '1210000000027', '0');
INSERT INTO b_item VALUES ('1740000001688', 'DT110604', 'การรักษากระดูกขากรรไกรและใบหน้าหักตั้งแต่ 2 แห่งขึ้นไป', '', '', '1', '1300000000060', '1210000000027', '0');
INSERT INTO b_item VALUES ('1740000001689', 'DT110605', 'งาน Complicated Oral Surgery', '', '', '1', '1300000000060', '1210000000027', '0');
INSERT INTO b_item VALUES ('1740000001690', 'DT110701', 'การทำ Mandibulectomy', '', '', '1', '1300000000060', '1210000000027', '0');
INSERT INTO b_item VALUES ('1740000001691', 'DT110702', 'การทำMaxillectomy', '', '', '1', '1300000000060', '1210000000027', '0');
INSERT INTO b_item VALUES ('1740000001692', 'DT110703', 'TMJ  Surgery', '', '', '1', '1300000000060', '1210000000027', '0');
INSERT INTO b_item VALUES ('1740000001693', 'DT110704', 'การผ่าตัดรักษามะเร็งในช่องปาก', '', '', '1', '1300000000060', '1210000000027', '0');
INSERT INTO b_item VALUES ('1740000001694', 'DT110705', 'การทำ Neck dissection', '', '', '1', '1300000000060', '1210000000027', '0');
INSERT INTO b_item VALUES ('1740000001695', 'DT110706', 'Orthognathic Surgery', '', '', '1', '1300000000060', '1210000000027', '0');
INSERT INTO b_item VALUES ('1740000001696', 'DT110707', 'งาน Complicated Maxillo-Facial  Surgeryที่ยาก', '', '', '1', '1300000000060', '1210000000027', '0');
INSERT INTO b_item VALUES ('1740000001697', 'DT120101', 'พิมพ์ปากเพื่อทำRemovable Appliance', '', 'พิมพ์ปาก', '1', '1300000000061', '1210000000035', '0');
INSERT INTO b_item VALUES ('1740000001698', 'DT120102', 'พิมพ์ปากเพื่อทำ  intraoral anchorage', '', 'พิมพ์ปาก', '1', '1300000000061', '1210000000035', '0');
INSERT INTO b_item VALUES ('1740000001699', 'DT120103', 'พิมพ์ปากเพื่อทำ obturator', '', 'พิมพ์ปาก', '1', '1300000000061', '1210000000035', '0');
INSERT INTO b_item VALUES ('1740000001700', 'DT120104', 'พิมพ์ปากเพื่อทำ model surgery', '', 'พิมพ์ปาก', '1', '1300000000061', '1210000000035', '0');
INSERT INTO b_item VALUES ('1740000001701', 'DT120105', 'พิมพ์ปากเพื่อทำเครื่องมือจัดฟัน', '', 'พิมพ์ปาก', '1', '1300000000061', '1210000000035', '0');
INSERT INTO b_item VALUES ('1740000001702', 'DT120201', 'Cephalometric Analysis', '', '', '1', '1300000000061', '1210000000035', '0');
INSERT INTO b_item VALUES ('1740000001703', 'DT120202', 'Model analysis', '', '', '1', '1300000000061', '1210000000035', '0');
INSERT INTO b_item VALUES ('1740000001704', 'DT120203', 'diagnosis and Treament planning', '', '', '1', '1300000000061', '1210000000035', '0');
INSERT INTO b_item VALUES ('1740000001705', 'DT120204', 'Growth forecast and Tx prediction', '', '', '1', '1300000000061', '1210000000035', '0');
INSERT INTO b_item VALUES ('1740000001706', 'DT120205', 'Oral exam (for queue)', '', '', '1', '1300000000061', '1210000000035', '0');
INSERT INTO b_item VALUES ('1740000001707', 'DT120206', 'Counselling', '', '', '1', '1300000000061', '1210000000035', '0');
INSERT INTO b_item VALUES ('1740000001708', 'DT120207', 'off plate', '', '', '1', '1300000000061', '1210000000035', '0');
INSERT INTO b_item VALUES ('1740000001709', 'DT120301', 'Observe Pre Tx', '', '', '1', '1300000000061', '1210000000035', '0');
INSERT INTO b_item VALUES ('1740000001710', 'DT120302', 'Observe Post Tx', '', '', '1', '1300000000061', '1210000000035', '0');
INSERT INTO b_item VALUES ('1740000001711', 'DT120303', 'Observe/Activated RA', '', '', '1', '1300000000061', '1210000000035', '0');
INSERT INTO b_item VALUES ('1740000001712', 'DT120304', 'recheck Retainer', '', '', '1', '1300000000061', '1210000000035', '0');
INSERT INTO b_item VALUES ('1740000001713', 'DT120305', 'Grinding Functional Appliance', '', '', '1', '1300000000061', '1210000000035', '0');
INSERT INTO b_item VALUES ('1740000001714', 'DT120306', 'แก้ไข Raise Bite', '', '', '1', '1300000000061', '1210000000035', '0');
INSERT INTO b_item VALUES ('1740000001715', 'DT120307', 'Elastic Traction', '', '', '1', '1300000000061', '1210000000035', '0');
INSERT INTO b_item VALUES ('1740000001716', 'DT120308', ' Repair Removable Appliance', '', '', '1', '1300000000061', '1210000000035', '0');
INSERT INTO b_item VALUES ('1740000001717', 'DT120309', 'Construction Wax Bite', '', '', '1', '1300000000061', '1210000000035', '0');
INSERT INTO b_item VALUES ('1740000001718', 'DT120401', 'Observe/Activated Fixed or Extra Oral Appliance', '', '', '1', '1300000000061', '1210000000035', '0');
INSERT INTO b_item VALUES ('1740000001719', 'DT120402', 'เปลี่ยนลวด', '', '', '1', '1300000000061', '1210000000035', '0');
INSERT INTO b_item VALUES ('1740000001720', 'DT120403', 'Tried Band', '', '', '1', '1300000000061', '1210000000035', '0');
INSERT INTO b_item VALUES ('1740000001721', 'DT120404', 'Reband', '', '', '1', '1300000000061', '1210000000035', '0');
INSERT INTO b_item VALUES ('1740000001722', 'DT120405', 'Rebond', '', '', '1', '1300000000061', '1210000000035', '0');
INSERT INTO b_item VALUES ('1740000001723', 'DT120406', 'Separate', '', '', '1', '1300000000061', '1210000000035', '0');
INSERT INTO b_item VALUES ('1740000001724', 'DT120407', 'C- Chain', '', '', '1', '1300000000061', '1210000000035', '0');
INSERT INTO b_item VALUES ('1740000001725', 'DT120408', 'Intermaxillary Elastic', '', '', '1', '1300000000061', '1210000000035', '0');
INSERT INTO b_item VALUES ('1740000001726', 'DT120409', 'Off band/ Debond', '', '', '1', '1300000000061', '1210000000035', '0');
INSERT INTO b_item VALUES ('1740000001727', 'DT120410', 'Remove Intraoral Anchorage', '', '', '1', '1300000000061', '1210000000035', '0');
INSERT INTO b_item VALUES ('1740000001728', 'DT120411', 'Stripping', '', '', '1', '1300000000061', '1210000000035', '0');
INSERT INTO b_item VALUES ('1740000001729', 'DT120412', 'Auxillary Spring', '', '', '1', '1300000000061', '1210000000035', '0');
INSERT INTO b_item VALUES ('1740000001730', 'DT120501', 'insert Removable Passive Appliance', '', 'Insert', '1', '1300000000061', '1210000000035', '0');
INSERT INTO b_item VALUES ('1740000001731', 'DT120502', 'inserted obturator/feeding plate', '', 'Insert', '1', '1300000000061', '1210000000035', '0');
INSERT INTO b_item VALUES ('1740000001732', 'DT120503', 'inserted Retainer', '', 'Insert', '1', '1300000000061', '1210000000035', '0');
INSERT INTO b_item VALUES ('1740000001733', 'DT120504', 'inserted raise bite', '', 'Insert', '1', '1300000000061', '1210000000035', '0');
INSERT INTO b_item VALUES ('1740000001734', 'DT120601', 'inserted fixed passive appliance', '', 'Insert', '1', '1300000000061', '1210000000035', '0');
INSERT INTO b_item VALUES ('1740000001735', 'DT120602', 'inserted Nance'' s appliance', '', 'Insert', '1', '1300000000061', '1210000000035', '0');
INSERT INTO b_item VALUES ('1740000001736', 'DT120603', 'inserted palatal bar', '', 'Insert', '1', '1300000000061', '1210000000035', '0');
INSERT INTO b_item VALUES ('1740000001737', 'DT120604', 'inserted  lingual holding arch', '', 'Insert', '1', '1300000000061', '1210000000035', '0');
INSERT INTO b_item VALUES ('1740000001738', 'DT120605', 'inserted transpalatal bar', '', 'Insert', '1', '1300000000061', '1210000000035', '0');
INSERT INTO b_item VALUES ('1740000001739', 'DT120606', 'inserted stabilizing splint', '', 'Insert', '1', '1300000000061', '1210000000035', '0');
INSERT INTO b_item VALUES ('1740000001740', 'DT120701', 'inserted active RA', '', 'Insert', '1', '1300000000061', '1210000000035', '0');
INSERT INTO b_item VALUES ('1740000001741', 'DT120702', 'inserted active obturator', '', 'Insert', '1', '1300000000061', '1210000000035', '0');
INSERT INTO b_item VALUES ('1740000001742', 'DT120801', 'inserted functional appliance', '', 'Insert', '1', '1300000000061', '1210000000035', '0');
INSERT INTO b_item VALUES ('1740000001743', 'DT120802', 'insetred extra oral appliance', '', 'Insert', '1', '1300000000061', '1210000000035', '0');
INSERT INTO b_item VALUES ('1740000001744', 'DT120803', 'inserted hydrax', '', 'Insert', '1', '1300000000061', '1210000000035', '0');
INSERT INTO b_item VALUES ('1740000001745', 'DT120804', 'inserted quadhelix', '', 'Insert', '1', '1300000000061', '1210000000035', '0');
INSERT INTO b_item VALUES ('1740000001746', 'DT120901', 'inserted Fixed Appliance', '', 'Insert', '1', '1300000000061', '1210000000035', '0');
INSERT INTO b_item VALUES ('1740000001747', 'DT130101', 'การพิมพ์ปากเพื่อทำ Working cast', '', '', '1', '1300000000062', '1210000000027', '0');
INSERT INTO b_item VALUES ('1740000001748', 'DT130201', 'การตรวจวินิจฉัยทางระบบบดเคี้ยว', '', '', '1', '1300000000062', '1210000000027', '0');
INSERT INTO b_item VALUES ('1740000001749', 'DT130301', 'การรักษาทางระบบบดเคี้ยวโดย Physical Therapy', '', 'การรักษาทางระบบบดเคี้ยว', '1', '1300000000062', '1210000000027', '0');
INSERT INTO b_item VALUES ('1740000001750', 'DT130302', 'การรักษาทางระบบบดเคี้ยวโดยMedication', '', 'การรักษาทางระบบบดเคี้ยว', '1', '1300000000062', '1210000000027', '0');
INSERT INTO b_item VALUES ('1740000001751', 'DT130303', 'การรักษาทางระบบบดเคี้ยวโดยPsychological Management', '', 'การรักษาทางระบบบดเคี้ยว', '1', '1300000000062', '1210000000027', '0');
INSERT INTO b_item VALUES ('1740000001752', 'DT130304', 'การรักษาทางระบบบดเคี้ยวโดยBehaviour Modification', '', 'การรักษาทางระบบบดเคี้ยว', '1', '1300000000062', '1210000000027', '0');
INSERT INTO b_item VALUES ('1740000001753', 'DT130401', 'การทำBlock out Model และWaxing Occlusal splint', '', '', '1', '1300000000062', '1210000000027', '0');
INSERT INTO b_item VALUES ('1740000001754', 'DT130402', 'การTransfer Facebow', '', '', '1', '1300000000062', '1210000000027', '0');
INSERT INTO b_item VALUES ('1740000001755', 'DT130403', 'การเข้า Centric Relation', '', '', '1', '1300000000062', '1210000000027', '0');
INSERT INTO b_item VALUES ('1740000001756', 'DT130404', 'การทำProtrusive Waxbite', '', '', '1', '1300000000062', '1210000000027', '0');
INSERT INTO b_item VALUES ('1740000001757', 'DT130501', 'การกรอแก้ไขความผิดปกติของฟัน(Selective Grinding)', '', '', '1', '1300000000062', '1210000000027', '0');
INSERT INTO b_item VALUES ('1740000001758', 'DT130502', 'การกรอแก้ไข /ปรับแต่ง occlusal splint', '', '', '1', '1300000000062', '1210000000027', '0');
INSERT INTO b_item VALUES ('1740000001759', 'DT130601', 'การทำและใส่ Occlusal Splint', '', '', '1', '1300000000062', '1210000000027', '0');
INSERT INTO b_item VALUES ('1740000001760', 'DT140101', 'พิมพ์ปากเพื่อทำ study cast ของทุกประเภทงาน', '', '', '1', '1300000000063', '1210000000027', '0');
INSERT INTO b_item VALUES ('1740000001761', 'DT140102', 'พิมพ์ปากเพื่อทำ individual  tray และtemp crown / bridge', '', '', '1', '1300000000063', '1210000000027', '0');
INSERT INTO b_item VALUES ('1740000001762', 'DT140103', 'การถ่ายภาพ', '', '', '1', '1300000000063', '1210000000027', '0');
INSERT INTO b_item VALUES ('1740000001763', 'DT140104', 'ตัดไหม', '', '', '1', '1300000000063', '1210000000027', '0');
INSERT INTO b_item VALUES ('1740000001764', 'DT140105', 'ขัด filling หรือ กรอแก้ไขหลังอุดฟัน', '', '', '1', '1300000000063', '1210000000027', '0');
INSERT INTO b_item VALUES ('1740000001765', 'DT140107', 'จ่ายแปรงสีฟัน ในWBC', '', '', '1', '1300000000063', '1210000000027', '0');
INSERT INTO b_item VALUES ('1740000001766', 'DT140108', 'อื่นๆ', '', '', '1', '1300000000063', '1210000000027', '0');
INSERT INTO b_item VALUES ('1740000001767', 'DT150101', 'การรับREFER ผู้ป่วย', '', '', '1', '1300000000064', '1210000000021', '0');
INSERT INTO b_item VALUES ('1740000001768', 'DT150102', 'การส่งต่อผู้ป่วย', '', '', '1', '1300000000064', '1210000000021', '0');
INSERT INTO b_item VALUES ('1740000001769', 'DT160101', 'ตรวจฟันเด็ก  หรือแจกแปรง', '', '', '1', '1300000000065', '1210000000027', '0');
INSERT INTO b_item VALUES ('1740000001770', 'DT160102', 'พบฟันผุ', '', '', '1', '1300000000065', '1210000000027', '0');
INSERT INTO b_item VALUES ('1740000001771', 'DT160103', 'เคลือบฟลูออไรด์เจล', '', '', '1', '1300000000065', '1210000000027', '0');
INSERT INTO b_item VALUES ('1740000001772', 'DT160104', 'เคลือบฟลูออไรด์วานิช', '', '', '1', '1300000000065', '1210000000027', '0');
INSERT INTO b_item VALUES ('1740000001773', 'DT160105', 'แม่หรือผู้เลี้ยงดูเด็ก ได้รับคำแนะนำดูและสุขภาพช่องปาก', '', '', '1', '1300000000065', '1210000000027', '0');
INSERT INTO b_item VALUES ('1740000001774', 'DT160106', 'แม่หรือผู้เลี้ยงดูเด็ก ได้รับการฝึกแปรงฟันเด็ก', '', '', '1', '1300000000065', '1210000000027', '0');
INSERT INTO b_item VALUES ('1740000001775', 'DT170100', 'ตรวจฟันในงานออกหน่วย ', '', '', '1', '1300000000066', '1210000000036', '0');
INSERT INTO b_item VALUES ('1740000001776', 'DT170101', 'อุดฟันด้วยวัสดุอมัลกัมในงานออกหน่วย ', '', '', '1', '1300000000066', '1210000000036', '0');
INSERT INTO b_item VALUES ('1740000001777', 'DT170102', 'อุดฟันด้วยวัสดุสีเหมือนฟันในงานออกหน่วย ', '', '', '1', '1300000000066', '1210000000036', '0');
INSERT INTO b_item VALUES ('1740000001778', 'DT170103', 'ขูดหินปูนในงานออกหน่วย ', '', '', '1', '1300000000066', '1210000000036', '0');
INSERT INTO b_item VALUES ('1740000001779', 'DT170104', 'การขัดฟันและ/หรือการใช้ไหมขัดฟันเพื่อขจัด Plaqueในงานออกหน่วย  ', '', '', '1', '1300000000066', '1210000000036', '0');
INSERT INTO b_item VALUES ('1740000001780', 'DT170105', 'เคลือบฟันด้วยสารฟลูออไรด์ ในงานออกหน่วย ', '', '', '1', '1300000000066', '1210000000036', '0');
INSERT INTO b_item VALUES ('1740000001781', 'DT170106', 'เคลือบปิดหลุมร่องฟัน ในงานออกหน่วย ', '', '', '1', '1300000000066', '1210000000036', '0');
INSERT INTO b_item VALUES ('1740000001782', 'DT170107', 'งาน Preventive Resin Restoration ในงานออกหน่วย ', '', '', '1', '1300000000066', '1210000000036', '0');
INSERT INTO b_item VALUES ('1740000001783', 'DT170108', 'ทันตสุขศึกษารายบุคคล ในงานออกหน่วย ', '', '', '1', '1300000000066', '1210000000036', '0');
INSERT INTO b_item VALUES ('1740000001784', 'DT170109', 'การทำ plaque control ในงานออกหน่วย ', '', '', '1', '1300000000066', '1210000000036', '0');
INSERT INTO b_item VALUES ('1740000001785', 'DT170110', 'จ่ายฟลูออไรด์ทั้งชนิดเม็ด/น้ำ ในงานออกหน่วย ', '', '', '1', '1300000000066', '1210000000036', '0');
INSERT INTO b_item VALUES ('1740000001786', 'DT170111', 'การฝึกปฏิบัติแปรงฟัน ในงานออกหน่วย ', '', '', '1', '1300000000066', '1210000000036', '0');
INSERT INTO b_item VALUES ('1740000001787', 'DT170112', 'ถอนฟันปรกติในงานออกหน่วย ', '', '', '1', '1300000000066', '1210000000036', '0');
INSERT INTO b_item VALUES ('1740000001788', 'DT170113', 'ถอนฟันคุดในงานออกหน่วย ', '', '', '1', '1300000000066', '1210000000036', '0');
INSERT INTO b_item VALUES ('1740000001789', 'DT170114', 'ถอนฟันแท้หรือฟันน้ำนมโดยปกติทั่วไป ในงานออกหน่วย ', '', '', '1', '1300000000066', '1210000000036', '0');
INSERT INTO b_item VALUES ('1740000001790', 'DT170115', 'ถอนฟันแท้ที่ยากหรือมีปัญหา ในงานออกหน่วย ', '', '', '1', '1300000000066', '1210000000036', '0');
--
--B_DENTAL_ITEM
INSERT INTO b_dental_item VALUES ('DT2000000000001', '1740000001452', 'DT2010000000001', '1300000000050', '1210000000027', 'DT2050000000003', '1');
INSERT INTO b_dental_item VALUES ('DT2000000000002', '1740000001453', 'DT2010000000002', '1300000000050', '1210000000027', 'DT2050000000003', '1');
INSERT INTO b_dental_item VALUES ('DT2000000000003', '1740000001454', 'DT2010000000003', '1300000000050', '1210000000027', 'DT2050000000003', '1');
INSERT INTO b_dental_item VALUES ('DT2000000000004', '1740000001455', 'DT2010000000004', '1300000000051', '1210000000033', 'DT2050000000006', '1');
INSERT INTO b_dental_item VALUES ('DT2000000000005', '1740000001456', 'DT2010000000005', '1300000000051', '1210000000033', 'DT2050000000006', '1');
INSERT INTO b_dental_item VALUES ('DT2000000000006', '1740000001457', 'DT2010000000006', '1300000000052', '1210000000027', 'DT2050000000003', '1');
INSERT INTO b_dental_item VALUES ('DT2000000000007', '1740000001458', 'DT2010000000007', '1300000000052', '1210000000027', 'DT2050000000003', '1');
INSERT INTO b_dental_item VALUES ('DT2000000000008', '1740000001459', 'DT2010000000008', '1300000000052', '1210000000027', 'DT2050000000003', '1');
INSERT INTO b_dental_item VALUES ('DT2000000000009', '1740000001460', 'DT2010000000008', '1300000000052', '1210000000027', 'DT2050000000003', '1');
INSERT INTO b_dental_item VALUES ('DT2000000000010', '1740000001461', 'DT2010000000008', '1300000000052', '1210000000027', 'DT2050000000003', '1');
INSERT INTO b_dental_item VALUES ('DT2000000000011', '1740000001462', 'DT2010000000008', '1300000000052', '1210000000027', 'DT2050000000003', '1');
INSERT INTO b_dental_item VALUES ('DT2000000000012', '1740000001463', 'DT2010000000009', '1300000000052', '1210000000027', 'DT2050000000003', '1');
INSERT INTO b_dental_item VALUES ('DT2000000000013', '1740000001464', 'DT2010000000010', '1300000000052', '1210000000027', 'DT2050000000003', '1');
INSERT INTO b_dental_item VALUES ('DT2000000000014', '1740000001465', 'DT2010000000011', '1300000000052', '1210000000027', 'DT2050000000003', '1');
INSERT INTO b_dental_item VALUES ('DT2000000000015', '1740000001466', 'DT2010000000012', '1300000000053', '1210000000028', 'DT2050000000005', '1');
INSERT INTO b_dental_item VALUES ('DT2000000000016', '1740000001467', 'DT2010000000012', '1300000000053', '1210000000028', 'DT2050000000005', '1');
INSERT INTO b_dental_item VALUES ('DT2000000000017', '1740000001468', 'DT2010000000012', '1300000000053', '1210000000028', 'DT2050000000005', '1');
INSERT INTO b_dental_item VALUES ('DT2000000000018', '1740000001469', 'DT2010000000012', '1300000000053', '1210000000028', 'DT2050000000005', '1');
INSERT INTO b_dental_item VALUES ('DT2000000000019', '1740000001470', 'DT2010000000012', '1300000000053', '1210000000028', 'DT2050000000005', '1');
INSERT INTO b_dental_item VALUES ('DT2000000000020', '1740000001471', 'DT2010000000012', '1300000000053', '1210000000028', 'DT2050000000005', '1');
INSERT INTO b_dental_item VALUES ('DT2000000000021', '1740000001472', 'DT2010000000012', '1300000000053', '1210000000028', 'DT2050000000005', '1');
INSERT INTO b_dental_item VALUES ('DT2000000000022', '1740000001473', 'DT2010000000013', '1300000000053', '1210000000028', 'DT2050000000005', '1');
INSERT INTO b_dental_item VALUES ('DT2000000000023', '1740000001474', 'DT2010000000013', '1300000000053', '1210000000028', 'DT2050000000005', '1');
INSERT INTO b_dental_item VALUES ('DT2000000000024', '1740000001475', 'DT2010000000013', '1300000000053', '1210000000028', 'DT2050000000005', '1');
INSERT INTO b_dental_item VALUES ('DT2000000000025', '1740000001476', 'DT2010000000013', '1300000000053', '1210000000028', 'DT2050000000005', '1');
INSERT INTO b_dental_item VALUES ('DT2000000000026', '1740000001477', 'DT2010000000013', '1300000000053', '1210000000028', 'DT2050000000005', '1');
INSERT INTO b_dental_item VALUES ('DT2000000000027', '1740000001478', 'DT2010000000013', '1300000000053', '1210000000028', 'DT2050000000005', '1');
INSERT INTO b_dental_item VALUES ('DT2000000000028', '1740000001479', 'DT2010000000013', '1300000000053', '1210000000028', 'DT2050000000005', '1');
INSERT INTO b_dental_item VALUES ('DT2000000000029', '1740000001480', 'DT2010000000014', '1300000000053', '1210000000028', 'DT2050000000005', '1');
INSERT INTO b_dental_item VALUES ('DT2000000000030', '1740000001481', 'DT2010000000014', '1300000000053', '1210000000028', 'DT2050000000005', '1');
INSERT INTO b_dental_item VALUES ('DT2000000000031', '1740000001482', 'DT2010000000014', '1300000000053', '1210000000028', 'DT2050000000005', '1');
INSERT INTO b_dental_item VALUES ('DT2000000000032', '1740000001483', 'DT2010000000014', '1300000000053', '1210000000028', 'DT2050000000005', '1');
INSERT INTO b_dental_item VALUES ('DT2000000000033', '1740000001484', 'DT2010000000014', '1300000000053', '1210000000028', 'DT2050000000005', '1');
INSERT INTO b_dental_item VALUES ('DT2000000000034', '1740000001485', 'DT2010000000014', '1300000000053', '1210000000028', 'DT2050000000005', '1');
INSERT INTO b_dental_item VALUES ('DT2000000000035', '1740000001486', 'DT2010000000014', '1300000000053', '1210000000028', 'DT2050000000005', '1');
INSERT INTO b_dental_item VALUES ('DT2000000000036', '1740000001487', 'DT2010000000015', '1300000000053', '1210000000028', 'DT2050000000005', '1');
INSERT INTO b_dental_item VALUES ('DT2000000000037', '1740000001488', 'DT2010000000015', '1300000000053', '1210000000028', 'DT2050000000005', '1');
INSERT INTO b_dental_item VALUES ('DT2000000000038', '1740000001489', 'DT2010000000015', '1300000000053', '1210000000028', 'DT2050000000005', '1');
INSERT INTO b_dental_item VALUES ('DT2000000000039', '1740000001490', 'DT2010000000016', '1300000000054', '1210000000031', 'DT2050000000005', '1');
INSERT INTO b_dental_item VALUES ('DT2000000000040', '1740000001491', 'DT2010000000016', '1300000000054', '1210000000031', 'DT2050000000005', '1');
INSERT INTO b_dental_item VALUES ('DT2000000000041', '1740000001492', 'DT2010000000016', '1300000000054', '1210000000031', 'DT2050000000005', '1');
INSERT INTO b_dental_item VALUES ('DT2000000000042', '1740000001493', 'DT2010000000016', '1300000000054', '1210000000031', 'DT2050000000005', '1');
INSERT INTO b_dental_item VALUES ('DT2000000000043', '1740000001494', 'DT2010000000016', '1300000000054', '1210000000031', 'DT2050000000005', '1');
INSERT INTO b_dental_item VALUES ('DT2000000000044', '1740000001495', 'DT2010000000016', '1300000000054', '1210000000031', 'DT2050000000005', '1');
INSERT INTO b_dental_item VALUES ('DT2000000000045', '1740000001496', 'DT2010000000017', '1300000000054', '1210000000031', 'DT2050000000005', '1');
INSERT INTO b_dental_item VALUES ('DT2000000000046', '1740000001497', 'DT2010000000018', '1300000000054', '1210000000031', 'DT2050000000005', '1');
INSERT INTO b_dental_item VALUES ('DT2000000000047', '1740000001498', 'DT2010000000019', '1300000000054', '1210000000031', 'DT2050000000005', '1');
INSERT INTO b_dental_item VALUES ('DT2000000000048', '1740000001499', 'DT2010000000020', '1300000000054', '1210000000031', 'DT2050000000005', '1');
INSERT INTO b_dental_item VALUES ('DT2000000000049', '1740000001500', 'DT2010000000021', '1300000000054', '1210000000031', 'DT2050000000005', '1');
INSERT INTO b_dental_item VALUES ('DT2000000000050', '1740000001501', 'DT2010000000022', '1300000000054', '1210000000031', 'DT2050000000005', '1');
INSERT INTO b_dental_item VALUES ('DT2000000000051', '1740000001502', 'DT2010000000023', '1300000000054', '1210000000031', 'DT2050000000005', '1');
INSERT INTO b_dental_item VALUES ('DT2000000000052', '1740000001503', 'DT2010000000023', '1300000000054', '1210000000031', 'DT2050000000005', '1');
INSERT INTO b_dental_item VALUES ('DT2000000000053', '1740000001504', 'DT2010000000023', '1300000000054', '1210000000031', 'DT2050000000005', '1');
INSERT INTO b_dental_item VALUES ('DT2000000000054', '1740000001505', 'DT2010000000023', '1300000000054', '1210000000031', 'DT2050000000005', '1');
INSERT INTO b_dental_item VALUES ('DT2000000000055', '1740000001506', 'DT2010000000023', '1300000000054', '1210000000031', 'DT2050000000005', '1');
INSERT INTO b_dental_item VALUES ('DT2000000000056', '1740000001507', 'DT2010000000023', '1300000000054', '1210000000031', 'DT2050000000005', '1');
INSERT INTO b_dental_item VALUES ('DT2000000000057', '1740000001508', 'DT2010000000023', '1300000000054', '1210000000031', 'DT2050000000005', '1');
INSERT INTO b_dental_item VALUES ('DT2000000000058', '1740000001509', 'DT2010000000023', '1300000000054', '1210000000031', 'DT2050000000005', '1');
INSERT INTO b_dental_item VALUES ('DT2000000000059', '1740000001510', 'DT2010000000023', '1300000000054', '1210000000031', 'DT2050000000005', '1');
INSERT INTO b_dental_item VALUES ('DT2000000000060', '1740000001511', 'DT2010000000024', '1300000000055', '1210000000027', 'DT2050000000003', '1');
INSERT INTO b_dental_item VALUES ('DT2000000000061', '1740000001512', 'DT2010000000024', '1300000000055', '1210000000027', 'DT2050000000003', '1');
INSERT INTO b_dental_item VALUES ('DT2000000000062', '1740000001513', 'DT2010000000024', '1300000000055', '1210000000027', 'DT2050000000003', '1');
INSERT INTO b_dental_item VALUES ('DT2000000000063', '1740000001514', 'DT2010000000024', '1300000000055', '1210000000027', 'DT2050000000003', '1');
INSERT INTO b_dental_item VALUES ('DT2000000000064', '1740000001515', 'DT2010000000024', '1300000000055', '1210000000027', 'DT2050000000003', '1');
INSERT INTO b_dental_item VALUES ('DT2000000000065', '1740000001516', 'DT2010000000024', '1300000000055', '1210000000027', 'DT2050000000003', '1');
INSERT INTO b_dental_item VALUES ('DT2000000000066', '1740000001517', 'DT2010000000024', '1300000000055', '1210000000027', 'DT2050000000003', '1');
INSERT INTO b_dental_item VALUES ('DT2000000000067', '1740000001518', 'DT2010000000024', '1300000000055', '1210000000027', 'DT2050000000003', '1');
INSERT INTO b_dental_item VALUES ('DT2000000000068', '1740000001519', 'DT2010000000024', '1300000000055', '1210000000027', 'DT2050000000003', '1');
INSERT INTO b_dental_item VALUES ('DT2000000000069', '1740000001520', 'DT2010000000025', '1300000000055', '1210000000027', 'DT2050000000008', '1');
INSERT INTO b_dental_item VALUES ('DT2000000000070', '1740000001521', 'DT2010000000026', '1300000000055', '1210000000027', 'DT2050000000008', '1');
INSERT INTO b_dental_item VALUES ('DT2000000000071', '1740000001522', 'DT2010000000026', '1300000000055', '1210000000027', 'DT2050000000008', '1');
INSERT INTO b_dental_item VALUES ('DT2000000000072', '1740000001523', 'DT2010000000026', '1300000000055', '1210000000027', 'DT2050000000008', '1');
INSERT INTO b_dental_item VALUES ('DT2000000000073', '1740000001524', 'DT2010000000026', '1300000000055', '1210000000027', 'DT2050000000008', '1');
INSERT INTO b_dental_item VALUES ('DT2000000000074', '1740000001525', 'DT2010000000026', '1300000000055', '1210000000027', 'DT2050000000008', '1');
INSERT INTO b_dental_item VALUES ('DT2000000000075', '1740000001526', 'DT2010000000026', '1300000000055', '1210000000027', 'DT2050000000008', '1');
INSERT INTO b_dental_item VALUES ('DT2000000000076', '1740000001527', 'DT2010000000026', '1300000000055', '1210000000027', 'DT2050000000008', '1');
INSERT INTO b_dental_item VALUES ('DT2000000000077', '1740000001528', 'DT2010000000026', '1300000000055', '1210000000027', 'DT2050000000008', '1');
INSERT INTO b_dental_item VALUES ('DT2000000000078', '1740000001529', 'DT2010000000026', '1300000000055', '1210000000027', 'DT2050000000008', '1');
INSERT INTO b_dental_item VALUES ('DT2000000000079', '1740000001530', 'DT2010000000026', '1300000000055', '1210000000027', 'DT2050000000005', '1');
INSERT INTO b_dental_item VALUES ('DT2000000000080', '1740000001531', 'DT2010000000027', '1300000000055', '1210000000027', 'DT2050000000008', '1');
INSERT INTO b_dental_item VALUES ('DT2000000000081', '1740000001532', 'DT2010000000027', '1300000000055', '1210000000027', 'DT2050000000008', '1');
INSERT INTO b_dental_item VALUES ('DT2000000000082', '1740000001533', 'DT2010000000027', '1300000000055', '1210000000027', 'DT2050000000008', '1');
INSERT INTO b_dental_item VALUES ('DT2000000000083', '1740000001534', 'DT2010000000027', '1300000000055', '1210000000027', 'DT2050000000008', '1');
INSERT INTO b_dental_item VALUES ('DT2000000000084', '1740000001535', 'DT2010000000027', '1300000000055', '1210000000027', 'DT2050000000008', '1');
INSERT INTO b_dental_item VALUES ('DT2000000000085', '1740000001536', 'DT2010000000027', '1300000000055', '1210000000027', 'DT2050000000008', '1');
INSERT INTO b_dental_item VALUES ('DT2000000000086', '1740000001537', 'DT2010000000027', '1300000000055', '1210000000027', 'DT2050000000008', '1');
INSERT INTO b_dental_item VALUES ('DT2000000000087', '1740000001538', 'DT2010000000028', '1300000000055', '1210000000027', 'DT2050000000008', '1');
INSERT INTO b_dental_item VALUES ('DT2000000000088', '1740000001539', 'DT2010000000028', '1300000000055', '1210000000027', 'DT2050000000008', '1');
INSERT INTO b_dental_item VALUES ('DT2000000000089', '1740000001540', 'DT2010000000028', '1300000000055', '1210000000027', 'DT2050000000008', '1');
INSERT INTO b_dental_item VALUES ('DT2000000000090', '1740000001541', 'DT2010000000028', '1300000000055', '1210000000027', 'DT2050000000008', '1');
INSERT INTO b_dental_item VALUES ('DT2000000000091', '1740000001542', 'DT2010000000029', '1300000000055', '1210000000027', 'DT2050000000008', '1');
INSERT INTO b_dental_item VALUES ('DT2000000000092', '1740000001543', 'DT2010000000029', '1300000000055', '1210000000027', 'DT2050000000008', '1');
INSERT INTO b_dental_item VALUES ('DT2000000000093', '1740000001544', 'DT2010000000029', '1300000000055', '1210000000027', 'DT2050000000008', '1');
INSERT INTO b_dental_item VALUES ('DT2000000000094', '1740000001545', 'DT2010000000029', '1300000000055', '1210000000027', 'DT2050000000008', '1');
INSERT INTO b_dental_item VALUES ('DT2000000000095', '1740000001546', 'DT2010000000029', '1300000000055', '1210000000027', 'DT2050000000008', '1');
INSERT INTO b_dental_item VALUES ('DT2000000000096', '1740000001547', 'DT2010000000029', '1300000000055', '1210000000027', 'DT2050000000008', '1');
INSERT INTO b_dental_item VALUES ('DT2000000000097', '1740000001548', 'DT2010000000029', '1300000000055', '1210000000027', 'DT2050000000008', '1');
INSERT INTO b_dental_item VALUES ('DT2000000000098', '1740000001549', 'DT2010000000029', '1300000000055', '1210000000027', 'DT2050000000008', '1');
INSERT INTO b_dental_item VALUES ('DT2000000000099', '1740000001550', 'DT2010000000030', '1300000000055', '1210000000027', 'DT2050000000008', '1');
INSERT INTO b_dental_item VALUES ('DT2000000000100', '1740000001551', 'DT2010000000030', '1300000000055', '1210000000027', 'DT2050000000008', '1');
INSERT INTO b_dental_item VALUES ('DT2000000000101', '1740000001552', 'DT2010000000030', '1300000000055', '1210000000027', 'DT2050000000008', '1');
INSERT INTO b_dental_item VALUES ('DT2000000000102', '1740000001553', 'DT2010000000030', '1300000000055', '1210000000027', 'DT2050000000008', '1');
INSERT INTO b_dental_item VALUES ('DT2000000000103', '1740000001554', 'DT2010000000030', '1300000000055', '1210000000027', 'DT2050000000008', '1');
INSERT INTO b_dental_item VALUES ('DT2000000000104', '1740000001555', 'DT2010000000031', '1300000000055', '1210000000027', 'DT2050000000008', '1');
INSERT INTO b_dental_item VALUES ('DT2000000000105', '1740000001556', 'DT2010000000031', '1300000000055', '1210000000027', 'DT2050000000008', '1');
INSERT INTO b_dental_item VALUES ('DT2000000000106', '1740000001557', 'DT2010000000031', '1300000000055', '1210000000027', 'DT2050000000008', '1');
INSERT INTO b_dental_item VALUES ('DT2000000000107', '1740000001558', 'DT2010000000032', '1300000000056', '1210000000027', 'DT2050000000003', '1');
INSERT INTO b_dental_item VALUES ('DT2000000000108', '1740000001559', 'DT2010000000033', '1300000000056', '1210000000027', 'DT2050000000003', '1');
INSERT INTO b_dental_item VALUES ('DT2000000000109', '1740000001560', 'DT2010000000034', '1300000000056', '1210000000027', 'DT2050000000005', '1');
INSERT INTO b_dental_item VALUES ('DT2000000000110', '1740000001561', 'DT2010000000035', '1300000000056', '1210000000027', 'DT2050000000005', '1');
INSERT INTO b_dental_item VALUES ('DT2000000000111', '1740000001562', 'DT2010000000036', '1300000000057', '1210000000027', 'DT2050000000003', '1');
INSERT INTO b_dental_item VALUES ('DT2000000000112', '1740000001563', 'DT2010000000036', '1300000000057', '1210000000027', 'DT2050000000003', '1');
INSERT INTO b_dental_item VALUES ('DT2000000000113', '1740000001564', 'DT2010000000036', '1300000000057', '1210000000027', 'DT2050000000003', '1');
INSERT INTO b_dental_item VALUES ('DT2000000000114', '1740000001565', 'DT2010000000036', '1300000000057', '1210000000027', 'DT2050000000003', '1');
INSERT INTO b_dental_item VALUES ('DT2000000000115', '1740000001566', 'DT2010000000036', '1300000000057', '1210000000027', 'DT2050000000003', '1');
INSERT INTO b_dental_item VALUES ('DT2000000000116', '1740000001567', 'DT2010000000037', '1300000000057', '1210000000027', 'DT2050000000003', '1');
INSERT INTO b_dental_item VALUES ('DT2000000000117', '1740000001568', 'DT2010000000037', '1300000000057', '1210000000027', 'DT2050000000003', '1');
INSERT INTO b_dental_item VALUES ('DT2000000000118', '1740000001569', 'DT2010000000037', '1300000000057', '1210000000027', 'DT2050000000003', '1');
INSERT INTO b_dental_item VALUES ('DT2000000000119', '1740000001570', 'DT2010000000037', '1300000000057', '1210000000027', 'DT2050000000003', '1');
INSERT INTO b_dental_item VALUES ('DT2000000000120', '1740000001571', 'DT2010000000037', '1300000000057', '1210000000031', 'DT2050000000003', '1');
INSERT INTO b_dental_item VALUES ('DT2000000000121', '1740000001572', 'DT2010000000038', '1300000000057', '1210000000027', 'DT2050000000005', '1');
INSERT INTO b_dental_item VALUES ('DT2000000000122', '1740000001573', 'DT2010000000039', '1300000000057', '1210000000027', 'DT2050000000005', '1');
INSERT INTO b_dental_item VALUES ('DT2000000000123', '1740000001574', 'DT2010000000040', '1300000000057', '1210000000027', 'DT2050000000005', '1');
INSERT INTO b_dental_item VALUES ('DT2000000000124', '1740000001575', 'DT2010000000040', '1300000000057', '1210000000027', 'DT2050000000005', '1');
INSERT INTO b_dental_item VALUES ('DT2000000000125', '1740000001576', 'DT2010000000040', '1300000000057', '1210000000027', 'DT2050000000005', '1');
INSERT INTO b_dental_item VALUES ('DT2000000000126', '1740000001577', 'DT2010000000041', '1300000000057', '1210000000027', 'DT2050000000004', '1');
INSERT INTO b_dental_item VALUES ('DT2000000000127', '1740000001578', 'DT2010000000041', '1300000000057', '1210000000027', 'DT2050000000004', '1');
INSERT INTO b_dental_item VALUES ('DT2000000000128', '1740000001579', 'DT2010000000042', '1300000000057', '1210000000027', 'DT2050000000003', '1');
INSERT INTO b_dental_item VALUES ('DT2000000000129', '1740000001580', 'DT2010000000042', '1300000000057', '1210000000027', 'DT2050000000003', '1');
INSERT INTO b_dental_item VALUES ('DT2000000000130', '1740000001581', 'DT2010000000042', '1300000000057', '1210000000027', 'DT2050000000003', '1');
INSERT INTO b_dental_item VALUES ('DT2000000000131', '1740000001582', 'DT2010000000043', '1300000000058', '1210000000027', 'DT2050000000003', '1');
INSERT INTO b_dental_item VALUES ('DT2000000000132', '1740000001583', 'DT2010000000043', '1300000000058', '1210000000027', 'DT2050000000003', '1');
INSERT INTO b_dental_item VALUES ('DT2000000000133', '1740000001584', 'DT2010000000043', '1300000000058', '1210000000027', 'DT2050000000003', '1');
INSERT INTO b_dental_item VALUES ('DT2000000000134', '1740000001585', 'DT2010000000044', '1300000000058', '1210000000027', 'DT2050000000003', '1');
INSERT INTO b_dental_item VALUES ('DT2000000000135', '1740000001586', 'DT2010000000044', '1300000000058', '1210000000027', 'DT2050000000003', '1');
INSERT INTO b_dental_item VALUES ('DT2000000000136', '1740000001587', 'DT2010000000044', '1300000000058', '1210000000027', 'DT2050000000003', '1');
INSERT INTO b_dental_item VALUES ('DT2000000000137', '1740000001588', 'DT2010000000044', '1300000000058', '1210000000027', 'DT2050000000003', '1');
INSERT INTO b_dental_item VALUES ('DT2000000000138', '1740000001589', 'DT2010000000044', '1300000000058', '1210000000027', 'DT2050000000003', '1');
INSERT INTO b_dental_item VALUES ('DT2000000000139', '1740000001590', 'DT2010000000044', '1300000000058', '1210000000027', 'DT2050000000003', '1');
INSERT INTO b_dental_item VALUES ('DT2000000000140', '1740000001591', 'DT2010000000044', '1300000000058', '1210000000027', 'DT2050000000003', '1');
INSERT INTO b_dental_item VALUES ('DT2000000000141', '1740000001592', 'DT2010000000044', '1300000000058', '1210000000027', 'DT2050000000003', '1');
INSERT INTO b_dental_item VALUES ('DT2000000000142', '1740000001593', 'DT2010000000044', '1300000000058', '1210000000027', 'DT2050000000003', '1');
INSERT INTO b_dental_item VALUES ('DT2000000000143', '1740000001594', 'DT2010000000044', '1300000000058', '1210000000027', 'DT2050000000003', '1');
INSERT INTO b_dental_item VALUES ('DT2000000000144', '1740000001595', 'DT2010000000044', '1300000000058', '1210000000027', 'DT2050000000003', '1');
INSERT INTO b_dental_item VALUES ('DT2000000000145', '1740000001596', 'DT2010000000045', '1300000000058', '1210000000027', 'DT2050000000003', '1');
INSERT INTO b_dental_item VALUES ('DT2000000000146', '1740000001597', 'DT2010000000045', '1300000000058', '1210000000027', 'DT2050000000003', '1');
INSERT INTO b_dental_item VALUES ('DT2000000000147', '1740000001598', 'DT2010000000045', '1300000000058', '1210000000027', 'DT2050000000003', '1');
INSERT INTO b_dental_item VALUES ('DT2000000000148', '1740000001599', 'DT2010000000045', '1300000000058', '1210000000027', 'DT2050000000003', '1');
INSERT INTO b_dental_item VALUES ('DT2000000000149', '1740000001600', 'DT2010000000046', '1300000000058', '1210000000027', 'DT2050000000003', '1');
INSERT INTO b_dental_item VALUES ('DT2000000000150', '1740000001601', 'DT2010000000046', '1300000000058', '1210000000027', 'DT2050000000003', '1');
INSERT INTO b_dental_item VALUES ('DT2000000000151', '1740000001602', 'DT2010000000046', '1300000000058', '1210000000027', 'DT2050000000003', '1');
INSERT INTO b_dental_item VALUES ('DT2000000000152', '1740000001603', 'DT2010000000046', '1300000000058', '1210000000027', 'DT2050000000003', '1');
INSERT INTO b_dental_item VALUES ('DT2000000000153', '1740000001604', 'DT2010000000046', '1300000000058', '1210000000027', 'DT2050000000003', '1');
INSERT INTO b_dental_item VALUES ('DT2000000000154', '1740000001605', 'DT2010000000046', '1300000000058', '1210000000027', 'DT2050000000003', '1');
INSERT INTO b_dental_item VALUES ('DT2000000000155', '1740000001606', 'DT2010000000046', '1300000000058', '1210000000027', 'DT2050000000003', '1');
INSERT INTO b_dental_item VALUES ('DT2000000000156', '1740000001607', 'DT2010000000046', '1300000000058', '1210000000027', 'DT2050000000003', '1');
INSERT INTO b_dental_item VALUES ('DT2000000000157', '1740000001608', 'DT2010000000047', '1300000000058', '1210000000027', 'DT2050000000004', '1');
INSERT INTO b_dental_item VALUES ('DT2000000000158', '1740000001609', 'DT2010000000047', '1300000000058', '1210000000027', 'DT2050000000004', '1');
INSERT INTO b_dental_item VALUES ('DT2000000000159', '1740000001610', 'DT2010000000048', '1300000000058', '1210000000027', 'DT2050000000004', '1');
INSERT INTO b_dental_item VALUES ('DT2000000000160', '1740000001611', 'DT2010000000048', '1300000000058', '1210000000027', 'DT2050000000004', '1');
INSERT INTO b_dental_item VALUES ('DT2000000000161', '1740000001612', 'DT2010000000048', '1300000000058', '1210000000027', 'DT2050000000004', '1');
INSERT INTO b_dental_item VALUES ('DT2000000000162', '1740000001613', 'DT2010000000048', '1300000000058', '1210000000027', 'DT2050000000003', '1');
INSERT INTO b_dental_item VALUES ('DT2000000000163', '1740000001614', 'DT2010000000049', '1300000000058', '1210000000027', 'DT2050000000004', '1');
INSERT INTO b_dental_item VALUES ('DT2000000000164', '1740000001615', 'DT2010000000049', '1300000000058', '1210000000027', 'DT2050000000004', '1');
INSERT INTO b_dental_item VALUES ('DT2000000000165', '1740000001616', 'DT2010000000050', '1300000000058', '1210000000027', 'DT2050000000004', '1');
INSERT INTO b_dental_item VALUES ('DT2000000000166', '1740000001617', 'DT2010000000050', '1300000000058', '1210000000027', 'DT2050000000004', '1');
INSERT INTO b_dental_item VALUES ('DT2000000000167', '1740000001618', 'DT2010000000050', '1300000000058', '1210000000027', 'DT2050000000004', '1');
INSERT INTO b_dental_item VALUES ('DT2000000000168', '1740000001619', 'DT2010000000050', '1300000000058', '1210000000027', 'DT2050000000004', '1');
INSERT INTO b_dental_item VALUES ('DT2000000000169', '1740000001620', 'DT2010000000051', '1300000000058', '1210000000027', 'DT2050000000004', '1');
INSERT INTO b_dental_item VALUES ('DT2000000000170', '1740000001621', 'DT2010000000051', '1300000000058', '1210000000027', 'DT2050000000004', '1');
INSERT INTO b_dental_item VALUES ('DT2000000000171', '1740000001622', 'DT2010000000051', '1300000000058', '1210000000027', 'DT2050000000004', '1');
INSERT INTO b_dental_item VALUES ('DT2000000000172', '1740000001623', 'DT2010000000051', '1300000000058', '1210000000027', 'DT2050000000004', '1');
INSERT INTO b_dental_item VALUES ('DT2000000000173', '1740000001624', 'DT2010000000052', '1300000000059', '1210000000025', 'DT2050000000005', '1');
INSERT INTO b_dental_item VALUES ('DT2000000000174', '1740000001625', 'DT2010000000053', '1300000000059', '1210000000025', 'DT2050000000005', '1');
INSERT INTO b_dental_item VALUES ('DT2000000000175', '1740000001626', 'DT2010000000054', '1300000000060', '1210000000027', 'DT2050000000003', '1');
INSERT INTO b_dental_item VALUES ('DT2000000000176', '1740000001627', 'DT2010000000054', '1300000000060', '1210000000027', 'DT2050000000003', '1');
INSERT INTO b_dental_item VALUES ('DT2000000000177', '1740000001628', 'DT2010000000054', '1300000000060', '1210000000027', 'DT2050000000003', '1');
INSERT INTO b_dental_item VALUES ('DT2000000000178', '1740000001629', 'DT2010000000054', '1300000000060', '1210000000027', 'DT2050000000003', '1');
INSERT INTO b_dental_item VALUES ('DT2000000000179', '1740000001630', 'DT2010000000054', '1300000000060', '1210000000027', 'DT2050000000003', '1');
INSERT INTO b_dental_item VALUES ('DT2000000000180', '1740000001631', 'DT2010000000054', '1300000000060', '1210000000027', 'DT2050000000003', '1');
INSERT INTO b_dental_item VALUES ('DT2000000000181', '1740000001632', 'DT2010000000054', '1300000000060', '1210000000027', 'DT2050000000003', '1');
INSERT INTO b_dental_item VALUES ('DT2000000000182', '1740000001633', 'DT2010000000054', '1300000000060', '1210000000027', 'DT2050000000003', '1');
INSERT INTO b_dental_item VALUES ('DT2000000000183', '1740000001634', 'DT2010000000054', '1300000000060', '1210000000027', 'DT2050000000003', '1');
INSERT INTO b_dental_item VALUES ('DT2000000000184', '1740000001635', 'DT2010000000054', '1300000000060', '1210000000027', 'DT2050000000003', '1');
INSERT INTO b_dental_item VALUES ('DT2000000000185', '1740000001636', 'DT2010000000055', '1300000000060', '1210000000027', 'DT2050000000003', '1');
INSERT INTO b_dental_item VALUES ('DT2000000000186', '1740000001637', 'DT2010000000055', '1300000000060', '1210000000027', 'DT2050000000003', '1');
INSERT INTO b_dental_item VALUES ('DT2000000000187', '1740000001638', 'DT2010000000055', '1300000000060', '1210000000027', 'DT2050000000003', '1');
INSERT INTO b_dental_item VALUES ('DT2000000000188', '1740000001639', 'DT2010000000055', '1300000000060', '1210000000027', 'DT2050000000003', '1');
INSERT INTO b_dental_item VALUES ('DT2000000000189', '1740000001640', 'DT2010000000055', '1300000000060', '1210000000027', 'DT2050000000003', '1');
INSERT INTO b_dental_item VALUES ('DT2000000000190', '1740000001641', 'DT2010000000055', '1300000000060', '1210000000027', 'DT2050000000003', '1');
INSERT INTO b_dental_item VALUES ('DT2000000000191', '1740000001642', 'DT2010000000055', '1300000000060', '1210000000027', 'DT2050000000003', '1');
INSERT INTO b_dental_item VALUES ('DT2000000000192', '1740000001643', 'DT2010000000055', '1300000000060', '1210000000027', 'DT2050000000003', '1');
INSERT INTO b_dental_item VALUES ('DT2000000000193', '1740000001644', 'DT2010000000055', '1300000000060', '1210000000027', 'DT2050000000003', '1');
INSERT INTO b_dental_item VALUES ('DT2000000000194', '1740000001645', 'DT2010000000055', '1300000000060', '1210000000027', 'DT2050000000003', '1');
INSERT INTO b_dental_item VALUES ('DT2000000000195', '1740000001646', 'DT2010000000055', '1300000000060', '1210000000027', 'DT2050000000003', '1');
INSERT INTO b_dental_item VALUES ('DT2000000000196', '1740000001647', 'DT2010000000055', '1300000000060', '1210000000027', 'DT2050000000003', '1');
INSERT INTO b_dental_item VALUES ('DT2000000000197', '1740000001648', 'DT2010000000055', '1300000000060', '1210000000027', 'DT2050000000003', '1');
INSERT INTO b_dental_item VALUES ('DT2000000000198', '1740000001649', 'DT2010000000055', '1300000000060', '1210000000027', 'DT2050000000003', '1');
INSERT INTO b_dental_item VALUES ('DT2000000000199', '1740000001650', 'DT2010000000055', '1300000000060', '1210000000027', 'DT2050000000003', '1');
INSERT INTO b_dental_item VALUES ('DT2000000000200', '1740000001651', 'DT2010000000056', '1300000000060', '1210000000027', 'DT2050000000003', '1');
INSERT INTO b_dental_item VALUES ('DT2000000000201', '1740000001652', 'DT2010000000056', '1300000000060', '1210000000027', 'DT2050000000003', '1');
INSERT INTO b_dental_item VALUES ('DT2000000000202', '1740000001653', 'DT2010000000056', '1300000000060', '1210000000027', 'DT2050000000003', '1');
INSERT INTO b_dental_item VALUES ('DT2000000000203', '1740000001654', 'DT2010000000056', '1300000000060', '1210000000027', 'DT2050000000003', '1');
INSERT INTO b_dental_item VALUES ('DT2000000000204', '1740000001655', 'DT2010000000056', '1300000000060', '1210000000027', 'DT2050000000003', '1');
INSERT INTO b_dental_item VALUES ('DT2000000000205', '1740000001656', 'DT2010000000056', '1300000000060', '1210000000027', 'DT2050000000003', '1');
INSERT INTO b_dental_item VALUES ('DT2000000000206', '1740000001657', 'DT2010000000056', '1300000000060', '1210000000027', 'DT2050000000003', '1');
INSERT INTO b_dental_item VALUES ('DT2000000000207', '1740000001658', 'DT2010000000056', '1300000000060', '1210000000027', 'DT2050000000003', '1');
INSERT INTO b_dental_item VALUES ('DT2000000000208', '1740000001659', 'DT2010000000056', '1300000000060', '1210000000027', 'DT2050000000003', '1');
INSERT INTO b_dental_item VALUES ('DT2000000000209', '1740000001660', 'DT2010000000056', '1300000000060', '1210000000027', 'DT2050000000003', '1');
INSERT INTO b_dental_item VALUES ('DT2000000000210', '1740000001661', 'DT2010000000056', '1300000000060', '1210000000027', 'DT2050000000003', '1');
INSERT INTO b_dental_item VALUES ('DT2000000000211', '1740000001662', 'DT2010000000056', '1300000000060', '1210000000027', 'DT2050000000003', '1');
INSERT INTO b_dental_item VALUES ('DT2000000000212', '1740000001663', 'DT2010000000056', '1300000000060', '1210000000027', 'DT2050000000003', '1');
INSERT INTO b_dental_item VALUES ('DT2000000000213', '1740000001664', 'DT2010000000056', '1300000000060', '1210000000027', 'DT2050000000003', '1');
INSERT INTO b_dental_item VALUES ('DT2000000000214', '1740000001665', 'DT2010000000056', '1300000000060', '1210000000027', 'DT2050000000003', '1');
INSERT INTO b_dental_item VALUES ('DT2000000000215', '1740000001666', 'DT2010000000056', '1300000000060', '1210000000027', 'DT2050000000003', '1');
INSERT INTO b_dental_item VALUES ('DT2000000000216', '1740000001667', 'DT2010000000057', '1300000000060', '1210000000027', 'DT2050000000003', '1');
INSERT INTO b_dental_item VALUES ('DT2000000000217', '1740000001668', 'DT2010000000057', '1300000000060', '1210000000027', 'DT2050000000003', '1');
INSERT INTO b_dental_item VALUES ('DT2000000000218', '1740000001669', 'DT2010000000057', '1300000000060', '1210000000027', 'DT2050000000003', '1');
INSERT INTO b_dental_item VALUES ('DT2000000000219', '1740000001670', 'DT2010000000057', '1300000000060', '1210000000027', 'DT2050000000003', '1');
INSERT INTO b_dental_item VALUES ('DT2000000000220', '1740000001671', 'DT2010000000057', '1300000000060', '1210000000027', 'DT2050000000003', '1');
INSERT INTO b_dental_item VALUES ('DT2000000000221', '1740000001672', 'DT2010000000057', '1300000000060', '1210000000027', 'DT2050000000003', '1');
INSERT INTO b_dental_item VALUES ('DT2000000000222', '1740000001673', 'DT2010000000057', '1300000000060', '1210000000027', 'DT2050000000003', '1');
INSERT INTO b_dental_item VALUES ('DT2000000000223', '1740000001674', 'DT2010000000057', '1300000000060', '1210000000027', 'DT2050000000003', '1');
INSERT INTO b_dental_item VALUES ('DT2000000000224', '1740000001675', 'DT2010000000057', '1300000000060', '1210000000027', 'DT2050000000003', '1');
INSERT INTO b_dental_item VALUES ('DT2000000000225', '1740000001676', 'DT2010000000057', '1300000000060', '1210000000027', 'DT2050000000003', '1');
INSERT INTO b_dental_item VALUES ('DT2000000000226', '1740000001677', 'DT2010000000057', '1300000000060', '1210000000027', 'DT2050000000003', '1');
INSERT INTO b_dental_item VALUES ('DT2000000000227', '1740000001678', 'DT2010000000057', '1300000000060', '1210000000027', 'DT2050000000003', '1');
INSERT INTO b_dental_item VALUES ('DT2000000000228', '1740000001679', 'DT2010000000058', '1300000000060', '1210000000027', 'DT2050000000003', '1');
INSERT INTO b_dental_item VALUES ('DT2000000000229', '1740000001680', 'DT2010000000058', '1300000000060', '1210000000027', 'DT2050000000003', '1');
INSERT INTO b_dental_item VALUES ('DT2000000000230', '1740000001681', 'DT2010000000058', '1300000000060', '1210000000027', 'DT2050000000003', '1');
INSERT INTO b_dental_item VALUES ('DT2000000000231', '1740000001682', 'DT2010000000058', '1300000000060', '1210000000027', 'DT2050000000003', '1');
INSERT INTO b_dental_item VALUES ('DT2000000000232', '1740000001683', 'DT2010000000058', '1300000000060', '1210000000027', 'DT2050000000003', '1');
INSERT INTO b_dental_item VALUES ('DT2000000000233', '1740000001684', 'DT2010000000058', '1300000000060', '1210000000027', 'DT2050000000003', '1');
INSERT INTO b_dental_item VALUES ('DT2000000000234', '1740000001685', 'DT2010000000059', '1300000000060', '1210000000027', 'DT2050000000003', '1');
INSERT INTO b_dental_item VALUES ('DT2000000000235', '1740000001686', 'DT2010000000059', '1300000000060', '1210000000027', 'DT2050000000003', '1');
INSERT INTO b_dental_item VALUES ('DT2000000000236', '1740000001687', 'DT2010000000059', '1300000000060', '1210000000027', 'DT2050000000003', '1');
INSERT INTO b_dental_item VALUES ('DT2000000000237', '1740000001688', 'DT2010000000059', '1300000000060', '1210000000027', 'DT2050000000003', '1');
INSERT INTO b_dental_item VALUES ('DT2000000000238', '1740000001689', 'DT2010000000059', '1300000000060', '1210000000027', 'DT2050000000003', '1');
INSERT INTO b_dental_item VALUES ('DT2000000000239', '1740000001690', 'DT2010000000060', '1300000000060', '1210000000027', 'DT2050000000003', '1');
INSERT INTO b_dental_item VALUES ('DT2000000000240', '1740000001691', 'DT2010000000060', '1300000000060', '1210000000027', 'DT2050000000003', '1');
INSERT INTO b_dental_item VALUES ('DT2000000000241', '1740000001692', 'DT2010000000060', '1300000000060', '1210000000027', 'DT2050000000003', '1');
INSERT INTO b_dental_item VALUES ('DT2000000000242', '1740000001693', 'DT2010000000060', '1300000000060', '1210000000027', 'DT2050000000003', '1');
INSERT INTO b_dental_item VALUES ('DT2000000000243', '1740000001694', 'DT2010000000060', '1300000000060', '1210000000027', 'DT2050000000003', '1');
INSERT INTO b_dental_item VALUES ('DT2000000000244', '1740000001695', 'DT2010000000060', '1300000000060', '1210000000027', 'DT2050000000003', '1');
INSERT INTO b_dental_item VALUES ('DT2000000000245', '1740000001696', 'DT2010000000060', '1300000000060', '1210000000027', 'DT2050000000003', '1');
INSERT INTO b_dental_item VALUES ('DT2000000000246', '1740000001697', 'DT2010000000061', '1300000000061', '1210000000035', 'DT2050000000003', '1');
INSERT INTO b_dental_item VALUES ('DT2000000000247', '1740000001698', 'DT2010000000061', '1300000000061', '1210000000035', 'DT2050000000003', '1');
INSERT INTO b_dental_item VALUES ('DT2000000000248', '1740000001699', 'DT2010000000061', '1300000000061', '1210000000035', 'DT2050000000003', '1');
INSERT INTO b_dental_item VALUES ('DT2000000000249', '1740000001700', 'DT2010000000061', '1300000000061', '1210000000035', 'DT2050000000003', '1');
INSERT INTO b_dental_item VALUES ('DT2000000000250', '1740000001701', 'DT2010000000061', '1300000000061', '1210000000035', 'DT2050000000003', '1');
INSERT INTO b_dental_item VALUES ('DT2000000000251', '1740000001702', 'DT2010000000062', '1300000000061', '1210000000035', 'DT2050000000003', '1');
INSERT INTO b_dental_item VALUES ('DT2000000000252', '1740000001703', 'DT2010000000062', '1300000000061', '1210000000035', 'DT2050000000003', '1');
INSERT INTO b_dental_item VALUES ('DT2000000000253', '1740000001704', 'DT2010000000062', '1300000000061', '1210000000035', 'DT2050000000003', '1');
INSERT INTO b_dental_item VALUES ('DT2000000000254', '1740000001705', 'DT2010000000062', '1300000000061', '1210000000035', 'DT2050000000003', '1');
INSERT INTO b_dental_item VALUES ('DT2000000000255', '1740000001706', 'DT2010000000062', '1300000000061', '1210000000035', 'DT2050000000003', '1');
INSERT INTO b_dental_item VALUES ('DT2000000000256', '1740000001707', 'DT2010000000062', '1300000000061', '1210000000035', 'DT2050000000003', '1');
INSERT INTO b_dental_item VALUES ('DT2000000000257', '1740000001708', 'DT2010000000062', '1300000000061', '1210000000035', 'DT2050000000003', '1');
INSERT INTO b_dental_item VALUES ('DT2000000000258', '1740000001709', 'DT2010000000063', '1300000000061', '1210000000035', 'DT2050000000003', '1');
INSERT INTO b_dental_item VALUES ('DT2000000000259', '1740000001710', 'DT2010000000063', '1300000000061', '1210000000035', 'DT2050000000003', '1');
INSERT INTO b_dental_item VALUES ('DT2000000000260', '1740000001711', 'DT2010000000063', '1300000000061', '1210000000035', 'DT2050000000003', '1');
INSERT INTO b_dental_item VALUES ('DT2000000000261', '1740000001712', 'DT2010000000063', '1300000000061', '1210000000035', 'DT2050000000003', '1');
INSERT INTO b_dental_item VALUES ('DT2000000000262', '1740000001713', 'DT2010000000063', '1300000000061', '1210000000035', 'DT2050000000003', '1');
INSERT INTO b_dental_item VALUES ('DT2000000000263', '1740000001714', 'DT2010000000063', '1300000000061', '1210000000035', 'DT2050000000003', '1');
INSERT INTO b_dental_item VALUES ('DT2000000000264', '1740000001715', 'DT2010000000063', '1300000000061', '1210000000035', 'DT2050000000003', '1');
INSERT INTO b_dental_item VALUES ('DT2000000000265', '1740000001716', 'DT2010000000063', '1300000000061', '1210000000035', 'DT2050000000003', '1');
INSERT INTO b_dental_item VALUES ('DT2000000000266', '1740000001717', 'DT2010000000063', '1300000000061', '1210000000035', 'DT2050000000003', '1');
INSERT INTO b_dental_item VALUES ('DT2000000000267', '1740000001718', 'DT2010000000064', '1300000000061', '1210000000035', 'DT2050000000003', '1');
INSERT INTO b_dental_item VALUES ('DT2000000000268', '1740000001719', 'DT2010000000064', '1300000000061', '1210000000035', 'DT2050000000003', '1');
INSERT INTO b_dental_item VALUES ('DT2000000000269', '1740000001720', 'DT2010000000064', '1300000000061', '1210000000035', 'DT2050000000003', '1');
INSERT INTO b_dental_item VALUES ('DT2000000000270', '1740000001721', 'DT2010000000064', '1300000000061', '1210000000035', 'DT2050000000003', '1');
INSERT INTO b_dental_item VALUES ('DT2000000000271', '1740000001722', 'DT2010000000064', '1300000000061', '1210000000035', 'DT2050000000003', '1');
INSERT INTO b_dental_item VALUES ('DT2000000000272', '1740000001723', 'DT2010000000064', '1300000000061', '1210000000035', 'DT2050000000003', '1');
INSERT INTO b_dental_item VALUES ('DT2000000000273', '1740000001724', 'DT2010000000064', '1300000000061', '1210000000035', 'DT2050000000003', '1');
INSERT INTO b_dental_item VALUES ('DT2000000000274', '1740000001725', 'DT2010000000064', '1300000000061', '1210000000035', 'DT2050000000003', '1');
INSERT INTO b_dental_item VALUES ('DT2000000000275', '1740000001726', 'DT2010000000064', '1300000000061', '1210000000035', 'DT2050000000003', '1');
INSERT INTO b_dental_item VALUES ('DT2000000000276', '1740000001727', 'DT2010000000064', '1300000000061', '1210000000035', 'DT2050000000003', '1');
INSERT INTO b_dental_item VALUES ('DT2000000000277', '1740000001728', 'DT2010000000064', '1300000000061', '1210000000035', 'DT2050000000003', '1');
INSERT INTO b_dental_item VALUES ('DT2000000000278', '1740000001729', 'DT2010000000064', '1300000000061', '1210000000035', 'DT2050000000003', '1');
INSERT INTO b_dental_item VALUES ('DT2000000000279', '1740000001730', 'DT2010000000065', '1300000000061', '1210000000035', 'DT2050000000003', '1');
INSERT INTO b_dental_item VALUES ('DT2000000000280', '1740000001731', 'DT2010000000065', '1300000000061', '1210000000035', 'DT2050000000003', '1');
INSERT INTO b_dental_item VALUES ('DT2000000000281', '1740000001732', 'DT2010000000065', '1300000000061', '1210000000035', 'DT2050000000003', '1');
INSERT INTO b_dental_item VALUES ('DT2000000000282', '1740000001733', 'DT2010000000065', '1300000000061', '1210000000035', 'DT2050000000003', '1');
INSERT INTO b_dental_item VALUES ('DT2000000000283', '1740000001734', 'DT2010000000066', '1300000000061', '1210000000035', 'DT2050000000003', '1');
INSERT INTO b_dental_item VALUES ('DT2000000000284', '1740000001735', 'DT2010000000066', '1300000000061', '1210000000035', 'DT2050000000003', '1');
INSERT INTO b_dental_item VALUES ('DT2000000000285', '1740000001736', 'DT2010000000066', '1300000000061', '1210000000035', 'DT2050000000003', '1');
INSERT INTO b_dental_item VALUES ('DT2000000000286', '1740000001737', 'DT2010000000066', '1300000000061', '1210000000035', 'DT2050000000003', '1');
INSERT INTO b_dental_item VALUES ('DT2000000000287', '1740000001738', 'DT2010000000066', '1300000000061', '1210000000035', 'DT2050000000003', '1');
INSERT INTO b_dental_item VALUES ('DT2000000000288', '1740000001739', 'DT2010000000066', '1300000000061', '1210000000035', 'DT2050000000003', '1');
INSERT INTO b_dental_item VALUES ('DT2000000000289', '1740000001740', 'DT2010000000067', '1300000000061', '1210000000035', 'DT2050000000003', '1');
INSERT INTO b_dental_item VALUES ('DT2000000000290', '1740000001741', 'DT2010000000067', '1300000000061', '1210000000035', 'DT2050000000003', '1');
INSERT INTO b_dental_item VALUES ('DT2000000000291', '1740000001742', 'DT2010000000068', '1300000000061', '1210000000035', 'DT2050000000003', '1');
INSERT INTO b_dental_item VALUES ('DT2000000000292', '1740000001743', 'DT2010000000068', '1300000000061', '1210000000035', 'DT2050000000003', '1');
INSERT INTO b_dental_item VALUES ('DT2000000000293', '1740000001744', 'DT2010000000068', '1300000000061', '1210000000035', 'DT2050000000003', '1');
INSERT INTO b_dental_item VALUES ('DT2000000000294', '1740000001745', 'DT2010000000068', '1300000000061', '1210000000035', 'DT2050000000003', '1');
INSERT INTO b_dental_item VALUES ('DT2000000000295', '1740000001746', 'DT2010000000069', '1300000000061', '1210000000035', 'DT2050000000003', '1');
INSERT INTO b_dental_item VALUES ('DT2000000000296', '1740000001747', 'DT2010000000070', '1300000000062', '1210000000027', 'DT2050000000003', '1');
INSERT INTO b_dental_item VALUES ('DT2000000000297', '1740000001748', 'DT2010000000071', '1300000000062', '1210000000027', 'DT2050000000003', '1');
INSERT INTO b_dental_item VALUES ('DT2000000000298', '1740000001749', 'DT2010000000072', '1300000000062', '1210000000027', 'DT2050000000003', '1');
INSERT INTO b_dental_item VALUES ('DT2000000000299', '1740000001750', 'DT2010000000072', '1300000000062', '1210000000027', 'DT2050000000003', '1');
INSERT INTO b_dental_item VALUES ('DT2000000000300', '1740000001751', 'DT2010000000072', '1300000000062', '1210000000027', 'DT2050000000003', '1');
INSERT INTO b_dental_item VALUES ('DT2000000000301', '1740000001752', 'DT2010000000072', '1300000000062', '1210000000027', 'DT2050000000003', '1');
INSERT INTO b_dental_item VALUES ('DT2000000000302', '1740000001753', 'DT2010000000073', '1300000000062', '1210000000027', 'DT2050000000003', '1');
INSERT INTO b_dental_item VALUES ('DT2000000000303', '1740000001754', 'DT2010000000073', '1300000000062', '1210000000027', 'DT2050000000003', '1');
INSERT INTO b_dental_item VALUES ('DT2000000000304', '1740000001755', 'DT2010000000073', '1300000000062', '1210000000027', 'DT2050000000003', '1');
INSERT INTO b_dental_item VALUES ('DT2000000000305', '1740000001756', 'DT2010000000073', '1300000000062', '1210000000027', 'DT2050000000003', '1');
INSERT INTO b_dental_item VALUES ('DT2000000000306', '1740000001757', 'DT2010000000074', '1300000000062', '1210000000027', 'DT2050000000003', '1');
INSERT INTO b_dental_item VALUES ('DT2000000000307', '1740000001758', 'DT2010000000074', '1300000000062', '1210000000027', 'DT2050000000003', '1');
INSERT INTO b_dental_item VALUES ('DT2000000000308', '1740000001759', 'DT2010000000075', '1300000000062', '1210000000027', 'DT2050000000003', '1');
INSERT INTO b_dental_item VALUES ('DT2000000000309', '1740000001760', '', '1300000000063', '1210000000027', 'DT2050000000003', '1');
INSERT INTO b_dental_item VALUES ('DT2000000000310', '1740000001761', '', '1300000000063', '1210000000027', 'DT2050000000003', '1');
INSERT INTO b_dental_item VALUES ('DT2000000000311', '1740000001762', '', '1300000000063', '1210000000027', 'DT2050000000003', '1');
INSERT INTO b_dental_item VALUES ('DT2000000000312', '1740000001763', '', '1300000000063', '1210000000027', 'DT2050000000003', '1');
INSERT INTO b_dental_item VALUES ('DT2000000000313', '1740000001764', '', '1300000000063', '1210000000027', 'DT2050000000003', '1');
INSERT INTO b_dental_item VALUES ('DT2000000000314', '1740000001765', '', '1300000000063', '1210000000027', 'DT2050000000003', '1');
INSERT INTO b_dental_item VALUES ('DT2000000000315', '1740000001766', '', '1300000000063', '1210000000027', 'DT2050000000003', '1');
INSERT INTO b_dental_item VALUES ('DT2000000000316', '1740000001767', '', '1300000000064', '1210000000021', 'DT2050000000007', '1');
INSERT INTO b_dental_item VALUES ('DT2000000000317', '1740000001768', '', '1300000000064', '1210000000021', 'DT2050000000007', '1');
INSERT INTO b_dental_item VALUES ('DT2000000000318', '1740000001769', '', '1300000000065', '1210000000027', 'DT2050000000009', '1');
INSERT INTO b_dental_item VALUES ('DT2000000000319', '1740000001770', '', '1300000000065', '1210000000027', 'DT2050000000005', '1');
INSERT INTO b_dental_item VALUES ('DT2000000000320', '1740000001771', '', '1300000000065', '1210000000027', 'DT2050000000003', '1');
INSERT INTO b_dental_item VALUES ('DT2000000000321', '1740000001772', '', '1300000000065', '1210000000027', 'DT2050000000003', '1');
INSERT INTO b_dental_item VALUES ('DT2000000000322', '1740000001773', '', '1300000000065', '1210000000027', 'DT2050000000001', '1');
INSERT INTO b_dental_item VALUES ('DT2000000000323', '1740000001774', '', '1300000000065', '1210000000027', 'DT2050000000001', '1');
INSERT INTO b_dental_item VALUES ('DT2000000000324', '1740000001775', '', '1300000000066', '1210000000036', 'DT2050000000003', '1');
INSERT INTO b_dental_item VALUES ('DT2000000000325', '1740000001776', '', '1300000000066', '1210000000036', 'DT2050000000005', '1');
INSERT INTO b_dental_item VALUES ('DT2000000000326', '1740000001777', '', '1300000000066', '1210000000036', 'DT2050000000005', '1');
INSERT INTO b_dental_item VALUES ('DT2000000000327', '1740000001778', '', '1300000000066', '1210000000036', 'DT2050000000003', '1');
INSERT INTO b_dental_item VALUES ('DT2000000000328', '1740000001779', '', '1300000000066', '1210000000036', 'DT2050000000003', '1');
INSERT INTO b_dental_item VALUES ('DT2000000000329', '1740000001780', '', '1300000000066', '1210000000036', 'DT2050000000003', '1');
INSERT INTO b_dental_item VALUES ('DT2000000000330', '1740000001781', '', '1300000000066', '1210000000036', 'DT2050000000005', '1');
INSERT INTO b_dental_item VALUES ('DT2000000000331', '1740000001782', '', '1300000000066', '1210000000036', 'DT2050000000005', '1');
INSERT INTO b_dental_item VALUES ('DT2000000000332', '1740000001783', '', '1300000000066', '1210000000036', 'DT2050000000007', '1');
INSERT INTO b_dental_item VALUES ('DT2000000000333', '1740000001784', '', '1300000000066', '1210000000036', 'DT2050000000007', '1');
INSERT INTO b_dental_item VALUES ('DT2000000000334', '1740000001785', '', '1300000000066', '1210000000036', 'DT2050000000003', '1');
INSERT INTO b_dental_item VALUES ('DT2000000000335', '1740000001786', '', '1300000000066', '1210000000036', 'DT2050000000002', '1');
INSERT INTO b_dental_item VALUES ('DT2000000000336', '1740000001787', '', '1300000000066', '1210000000036', 'DT2050000000005', '1');
INSERT INTO b_dental_item VALUES ('DT2000000000337', '1740000001788', '', '1300000000066', '1210000000036', 'DT2050000000005', '1');
INSERT INTO b_dental_item VALUES ('DT2000000000338', '1740000001789', '', '1300000000066', '1210000000036', 'DT2050000000005', '1');
INSERT INTO b_dental_item VALUES ('DT2000000000339', '1740000001790', '', '1300000000066', '1210000000036', 'DT2050000000005', '1');
--
--B_ITEM_UOM
INSERT INTO b_dental_uom VALUES ('DT2050000000001', 'UOM001', 'คน', '1');
INSERT INTO b_dental_uom VALUES ('DT2050000000002', 'UOM002', 'ครั้ง', '1');
INSERT INTO b_dental_uom VALUES ('DT2050000000003', 'UOM003', 'งาน', '1');
INSERT INTO b_dental_uom VALUES ('DT2050000000004', 'UOM004', 'ชิ้น', '1');
INSERT INTO b_dental_uom VALUES ('DT2050000000005', 'UOM005', 'ซี่', '1');
INSERT INTO b_dental_uom VALUES ('DT2050000000006', 'UOM006', 'ฟิล์ม', '1');
INSERT INTO b_dental_uom VALUES ('DT2050000000007', 'UOM007', 'ราย', '1');
INSERT INTO b_dental_uom VALUES ('DT2050000000008', 'UOM008', 'ส่วน', '1');
INSERT INTO b_dental_uom VALUES ('DT2050000000009', 'UOM009', 'อัน', '1');

--ITEM_PRICE
INSERT INTO b_item_price VALUES ('1759997606213', '', '1740000001452', '2549-01-31', 200, '0');
INSERT INTO b_item_price VALUES ('1759997606214', '', '1740000001453', '2549-01-31', 200, '0');
INSERT INTO b_item_price VALUES ('1759997606215', '', '1740000001454', '2549-01-31', 200, '0');
INSERT INTO b_item_price VALUES ('1759997606216', '', '1740000001455', '2549-01-31', 200, '0');
INSERT INTO b_item_price VALUES ('1759997606217', '', '1740000001456', '2549-01-31', 200, '0');
INSERT INTO b_item_price VALUES ('1759997606218', '', '1740000001457', '2549-01-31', 200, '0');
INSERT INTO b_item_price VALUES ('1759997606219', '', '1740000001458', '2549-01-31', 200, '0');
INSERT INTO b_item_price VALUES ('1759997606220', '', '1740000001459', '2549-01-31', 200, '0');
INSERT INTO b_item_price VALUES ('1759997606221', '', '1740000001460', '2549-01-31', 200, '0');
INSERT INTO b_item_price VALUES ('1759997606222', '', '1740000001461', '2549-01-31', 200, '0');
INSERT INTO b_item_price VALUES ('1759997606223', '', '1740000001462', '2549-01-31', 200, '0');
INSERT INTO b_item_price VALUES ('1759997606224', '', '1740000001463', '2549-01-31', 200, '0');
INSERT INTO b_item_price VALUES ('1759997606225', '', '1740000001464', '2549-01-31', 200, '0');
INSERT INTO b_item_price VALUES ('1759997606226', '', '1740000001465', '2549-01-31', 200, '0');
INSERT INTO b_item_price VALUES ('1759997606227', '', '1740000001466', '2549-01-31', 200, '0');
INSERT INTO b_item_price VALUES ('1759997606228', '', '1740000001467', '2549-01-31', 200, '0');
INSERT INTO b_item_price VALUES ('1759997606229', '', '1740000001468', '2549-01-31', 200, '0');
INSERT INTO b_item_price VALUES ('1759997606230', '', '1740000001469', '2549-01-31', 200, '0');
INSERT INTO b_item_price VALUES ('1759997606231', '', '1740000001470', '2549-01-31', 200, '0');
INSERT INTO b_item_price VALUES ('1759997606232', '', '1740000001471', '2549-01-31', 200, '0');
INSERT INTO b_item_price VALUES ('1759997606233', '', '1740000001472', '2549-01-31', 200, '0');
INSERT INTO b_item_price VALUES ('1759997606234', '', '1740000001473', '2549-01-31', 200, '0');
INSERT INTO b_item_price VALUES ('1759997606235', '', '1740000001474', '2549-01-31', 200, '0');
INSERT INTO b_item_price VALUES ('1759997606236', '', '1740000001475', '2549-01-31', 200, '0');
INSERT INTO b_item_price VALUES ('1759997606237', '', '1740000001476', '2549-01-31', 200, '0');
INSERT INTO b_item_price VALUES ('1759997606238', '', '1740000001477', '2549-01-31', 200, '0');
INSERT INTO b_item_price VALUES ('1759997606239', '', '1740000001478', '2549-01-31', 200, '0');
INSERT INTO b_item_price VALUES ('1759997606240', '', '1740000001479', '2549-01-31', 200, '0');
INSERT INTO b_item_price VALUES ('1759997606241', '', '1740000001480', '2549-01-31', 200, '0');
INSERT INTO b_item_price VALUES ('1759997606242', '', '1740000001481', '2549-01-31', 200, '0');
INSERT INTO b_item_price VALUES ('1759997606243', '', '1740000001482', '2549-01-31', 200, '0');
INSERT INTO b_item_price VALUES ('1759997606244', '', '1740000001483', '2549-01-31', 200, '0');
INSERT INTO b_item_price VALUES ('1759997606245', '', '1740000001484', '2549-01-31', 200, '0');
INSERT INTO b_item_price VALUES ('1759997606246', '', '1740000001485', '2549-01-31', 200, '0');
INSERT INTO b_item_price VALUES ('1759997606247', '', '1740000001486', '2549-01-31', 200, '0');
INSERT INTO b_item_price VALUES ('1759997606248', '', '1740000001487', '2549-01-31', 200, '0');
INSERT INTO b_item_price VALUES ('1759997606249', '', '1740000001488', '2549-01-31', 200, '0');
INSERT INTO b_item_price VALUES ('1759997606250', '', '1740000001489', '2549-01-31', 200, '0');
INSERT INTO b_item_price VALUES ('1759997606251', '', '1740000001490', '2549-01-31', 200, '0');
INSERT INTO b_item_price VALUES ('1759997606252', '', '1740000001491', '2549-01-31', 200, '0');
INSERT INTO b_item_price VALUES ('1759997606253', '', '1740000001492', '2549-01-31', 200, '0');
INSERT INTO b_item_price VALUES ('1759997606254', '', '1740000001493', '2549-01-31', 200, '0');
INSERT INTO b_item_price VALUES ('1759997606255', '', '1740000001494', '2549-01-31', 200, '0');
INSERT INTO b_item_price VALUES ('1759997606256', '', '1740000001495', '2549-01-31', 200, '0');
INSERT INTO b_item_price VALUES ('1759997606257', '', '1740000001496', '2549-01-31', 200, '0');
INSERT INTO b_item_price VALUES ('1759997606258', '', '1740000001497', '2549-01-31', 200, '0');
INSERT INTO b_item_price VALUES ('1759997606259', '', '1740000001498', '2549-01-31', 200, '0');
INSERT INTO b_item_price VALUES ('1759997606260', '', '1740000001499', '2549-01-31', 200, '0');
INSERT INTO b_item_price VALUES ('1759997606261', '', '1740000001500', '2549-01-31', 200, '0');
INSERT INTO b_item_price VALUES ('1759997606262', '', '1740000001501', '2549-01-31', 200, '0');
INSERT INTO b_item_price VALUES ('1759997606263', '', '1740000001502', '2549-01-31', 200, '0');
INSERT INTO b_item_price VALUES ('1759997606264', '', '1740000001503', '2549-01-31', 200, '0');
INSERT INTO b_item_price VALUES ('1759997606265', '', '1740000001504', '2549-01-31', 200, '0');
INSERT INTO b_item_price VALUES ('1759997606266', '', '1740000001505', '2549-01-31', 200, '0');
INSERT INTO b_item_price VALUES ('1759997606267', '', '1740000001506', '2549-01-31', 200, '0');
INSERT INTO b_item_price VALUES ('1759997606268', '', '1740000001507', '2549-01-31', 200, '0');
INSERT INTO b_item_price VALUES ('1759997606269', '', '1740000001508', '2549-01-31', 200, '0');
INSERT INTO b_item_price VALUES ('1759997606270', '', '1740000001509', '2549-01-31', 200, '0');
INSERT INTO b_item_price VALUES ('1759997606271', '', '1740000001510', '2549-01-31', 200, '0');
INSERT INTO b_item_price VALUES ('1759997606272', '', '1740000001511', '2549-01-31', 200, '0');
INSERT INTO b_item_price VALUES ('1759997606273', '', '1740000001512', '2549-01-31', 200, '0');
INSERT INTO b_item_price VALUES ('1759997606274', '', '1740000001513', '2549-01-31', 200, '0');
INSERT INTO b_item_price VALUES ('1759997606275', '', '1740000001514', '2549-01-31', 200, '0');
INSERT INTO b_item_price VALUES ('1759997606276', '', '1740000001515', '2549-01-31', 200, '0');
INSERT INTO b_item_price VALUES ('1759997606277', '', '1740000001516', '2549-01-31', 200, '0');
INSERT INTO b_item_price VALUES ('1759997606278', '', '1740000001517', '2549-01-31', 200, '0');
INSERT INTO b_item_price VALUES ('1759997606279', '', '1740000001518', '2549-01-31', 200, '0');
INSERT INTO b_item_price VALUES ('1759997606280', '', '1740000001519', '2549-01-31', 200, '0');
INSERT INTO b_item_price VALUES ('1759997606281', '', '1740000001520', '2549-01-31', 200, '0');
INSERT INTO b_item_price VALUES ('1759997606282', '', '1740000001521', '2549-01-31', 200, '0');
INSERT INTO b_item_price VALUES ('1759997606283', '', '1740000001522', '2549-01-31', 200, '0');
INSERT INTO b_item_price VALUES ('1759997606284', '', '1740000001523', '2549-01-31', 200, '0');
INSERT INTO b_item_price VALUES ('1759997606285', '', '1740000001524', '2549-01-31', 200, '0');
INSERT INTO b_item_price VALUES ('1759997606286', '', '1740000001525', '2549-01-31', 200, '0');
INSERT INTO b_item_price VALUES ('1759997606287', '', '1740000001526', '2549-01-31', 200, '0');
INSERT INTO b_item_price VALUES ('1759997606288', '', '1740000001527', '2549-01-31', 200, '0');
INSERT INTO b_item_price VALUES ('1759997606289', '', '1740000001528', '2549-01-31', 200, '0');
INSERT INTO b_item_price VALUES ('1759997606290', '', '1740000001529', '2549-01-31', 200, '0');
INSERT INTO b_item_price VALUES ('1759997606291', '', '1740000001530', '2549-01-31', 200, '0');
INSERT INTO b_item_price VALUES ('1759997606292', '', '1740000001531', '2549-01-31', 200, '0');
INSERT INTO b_item_price VALUES ('1759997606293', '', '1740000001532', '2549-01-31', 200, '0');
INSERT INTO b_item_price VALUES ('1759997606294', '', '1740000001533', '2549-01-31', 200, '0');
INSERT INTO b_item_price VALUES ('1759997606295', '', '1740000001534', '2549-01-31', 200, '0');
INSERT INTO b_item_price VALUES ('1759997606296', '', '1740000001535', '2549-01-31', 200, '0');
INSERT INTO b_item_price VALUES ('1759997606297', '', '1740000001536', '2549-01-31', 200, '0');
INSERT INTO b_item_price VALUES ('1759997606298', '', '1740000001537', '2549-01-31', 200, '0');
INSERT INTO b_item_price VALUES ('1759997606299', '', '1740000001538', '2549-01-31', 200, '0');
INSERT INTO b_item_price VALUES ('1759997606300', '', '1740000001539', '2549-01-31', 200, '0');
INSERT INTO b_item_price VALUES ('1759997606301', '', '1740000001540', '2549-01-31', 200, '0');
INSERT INTO b_item_price VALUES ('1759997606302', '', '1740000001541', '2549-01-31', 200, '0');
INSERT INTO b_item_price VALUES ('1759997606303', '', '1740000001542', '2549-01-31', 200, '0');
INSERT INTO b_item_price VALUES ('1759997606304', '', '1740000001543', '2549-01-31', 200, '0');
INSERT INTO b_item_price VALUES ('1759997606305', '', '1740000001544', '2549-01-31', 200, '0');
INSERT INTO b_item_price VALUES ('1759997606306', '', '1740000001545', '2549-01-31', 200, '0');
INSERT INTO b_item_price VALUES ('1759997606307', '', '1740000001546', '2549-01-31', 200, '0');
INSERT INTO b_item_price VALUES ('1759997606308', '', '1740000001547', '2549-01-31', 200, '0');
INSERT INTO b_item_price VALUES ('1759997606309', '', '1740000001548', '2549-01-31', 200, '0');
INSERT INTO b_item_price VALUES ('1759997606310', '', '1740000001549', '2549-01-31', 200, '0');
INSERT INTO b_item_price VALUES ('1759997606311', '', '1740000001550', '2549-01-31', 200, '0');
INSERT INTO b_item_price VALUES ('1759997606312', '', '1740000001551', '2549-01-31', 200, '0');
INSERT INTO b_item_price VALUES ('1759997606313', '', '1740000001552', '2549-01-31', 200, '0');
INSERT INTO b_item_price VALUES ('1759997606314', '', '1740000001553', '2549-01-31', 200, '0');
INSERT INTO b_item_price VALUES ('1759997606315', '', '1740000001554', '2549-01-31', 200, '0');
INSERT INTO b_item_price VALUES ('1759997606316', '', '1740000001555', '2549-01-31', 200, '0');
INSERT INTO b_item_price VALUES ('1759997606317', '', '1740000001556', '2549-01-31', 200, '0');
INSERT INTO b_item_price VALUES ('1759997606318', '', '1740000001557', '2549-01-31', 200, '0');
INSERT INTO b_item_price VALUES ('1759997606319', '', '1740000001558', '2549-01-31', 200, '0');
INSERT INTO b_item_price VALUES ('1759997606320', '', '1740000001559', '2549-01-31', 200, '0');
INSERT INTO b_item_price VALUES ('1759997606321', '', '1740000001560', '2549-01-31', 200, '0');
INSERT INTO b_item_price VALUES ('1759997606322', '', '1740000001561', '2549-01-31', 200, '0');
INSERT INTO b_item_price VALUES ('1759997606323', '', '1740000001562', '2549-01-31', 200, '0');
INSERT INTO b_item_price VALUES ('1759997606324', '', '1740000001563', '2549-01-31', 200, '0');
INSERT INTO b_item_price VALUES ('1759997606325', '', '1740000001564', '2549-01-31', 200, '0');
INSERT INTO b_item_price VALUES ('1759997606326', '', '1740000001565', '2549-01-31', 200, '0');
INSERT INTO b_item_price VALUES ('1759997606327', '', '1740000001566', '2549-01-31', 200, '0');
INSERT INTO b_item_price VALUES ('1759997606328', '', '1740000001567', '2549-01-31', 200, '0');
INSERT INTO b_item_price VALUES ('1759997606329', '', '1740000001568', '2549-01-31', 200, '0');
INSERT INTO b_item_price VALUES ('1759997606330', '', '1740000001569', '2549-01-31', 200, '0');
INSERT INTO b_item_price VALUES ('1759997606331', '', '1740000001570', '2549-01-31', 200, '0');
INSERT INTO b_item_price VALUES ('1759997606332', '', '1740000001571', '2549-01-31', 200, '0');
INSERT INTO b_item_price VALUES ('1759997606333', '', '1740000001572', '2549-01-31', 200, '0');
INSERT INTO b_item_price VALUES ('1759997606334', '', '1740000001573', '2549-01-31', 200, '0');
INSERT INTO b_item_price VALUES ('1759997606335', '', '1740000001574', '2549-01-31', 200, '0');
INSERT INTO b_item_price VALUES ('1759997606336', '', '1740000001575', '2549-01-31', 200, '0');
INSERT INTO b_item_price VALUES ('1759997606337', '', '1740000001576', '2549-01-31', 200, '0');
INSERT INTO b_item_price VALUES ('1759997606338', '', '1740000001577', '2549-01-31', 200, '0');
INSERT INTO b_item_price VALUES ('1759997606339', '', '1740000001578', '2549-01-31', 200, '0');
INSERT INTO b_item_price VALUES ('1759997606340', '', '1740000001579', '2549-01-31', 200, '0');
INSERT INTO b_item_price VALUES ('1759997606341', '', '1740000001580', '2549-01-31', 200, '0');
INSERT INTO b_item_price VALUES ('1759997606342', '', '1740000001581', '2549-01-31', 200, '0');
INSERT INTO b_item_price VALUES ('1759997606343', '', '1740000001582', '2549-01-31', 200, '0');
INSERT INTO b_item_price VALUES ('1759997606344', '', '1740000001583', '2549-01-31', 200, '0');
INSERT INTO b_item_price VALUES ('1759997606345', '', '1740000001584', '2549-01-31', 200, '0');
INSERT INTO b_item_price VALUES ('1759997606346', '', '1740000001585', '2549-01-31', 200, '0');
INSERT INTO b_item_price VALUES ('1759997606347', '', '1740000001586', '2549-01-31', 200, '0');
INSERT INTO b_item_price VALUES ('1759997606348', '', '1740000001587', '2549-01-31', 200, '0');
INSERT INTO b_item_price VALUES ('1759997606349', '', '1740000001588', '2549-01-31', 200, '0');
INSERT INTO b_item_price VALUES ('1759997606350', '', '1740000001589', '2549-01-31', 200, '0');
INSERT INTO b_item_price VALUES ('1759997606351', '', '1740000001590', '2549-01-31', 200, '0');
INSERT INTO b_item_price VALUES ('1759997606352', '', '1740000001591', '2549-01-31', 200, '0');
INSERT INTO b_item_price VALUES ('1759997606353', '', '1740000001592', '2549-01-31', 200, '0');
INSERT INTO b_item_price VALUES ('1759997606354', '', '1740000001593', '2549-01-31', 200, '0');
INSERT INTO b_item_price VALUES ('1759997606355', '', '1740000001594', '2549-01-31', 200, '0');
INSERT INTO b_item_price VALUES ('1759997606356', '', '1740000001595', '2549-01-31', 200, '0');
INSERT INTO b_item_price VALUES ('1759997606357', '', '1740000001596', '2549-01-31', 200, '0');
INSERT INTO b_item_price VALUES ('1759997606358', '', '1740000001597', '2549-01-31', 200, '0');
INSERT INTO b_item_price VALUES ('1759997606359', '', '1740000001598', '2549-01-31', 200, '0');
INSERT INTO b_item_price VALUES ('1759997606360', '', '1740000001599', '2549-01-31', 200, '0');
INSERT INTO b_item_price VALUES ('1759997606361', '', '1740000001600', '2549-01-31', 200, '0');
INSERT INTO b_item_price VALUES ('1759997606362', '', '1740000001601', '2549-01-31', 200, '0');
INSERT INTO b_item_price VALUES ('1759997606363', '', '1740000001602', '2549-01-31', 200, '0');
INSERT INTO b_item_price VALUES ('1759997606364', '', '1740000001603', '2549-01-31', 200, '0');
INSERT INTO b_item_price VALUES ('1759997606365', '', '1740000001604', '2549-01-31', 200, '0');
INSERT INTO b_item_price VALUES ('1759997606366', '', '1740000001605', '2549-01-31', 200, '0');
INSERT INTO b_item_price VALUES ('1759997606367', '', '1740000001606', '2549-01-31', 200, '0');
INSERT INTO b_item_price VALUES ('1759997606368', '', '1740000001607', '2549-01-31', 200, '0');
INSERT INTO b_item_price VALUES ('1759997606369', '', '1740000001608', '2549-01-31', 200, '0');
INSERT INTO b_item_price VALUES ('1759997606370', '', '1740000001609', '2549-01-31', 200, '0');
INSERT INTO b_item_price VALUES ('1759997606371', '', '1740000001610', '2549-01-31', 200, '0');
INSERT INTO b_item_price VALUES ('1759997606372', '', '1740000001611', '2549-01-31', 200, '0');
INSERT INTO b_item_price VALUES ('1759997606373', '', '1740000001612', '2549-01-31', 200, '0');
INSERT INTO b_item_price VALUES ('1759997606374', '', '1740000001613', '2549-01-31', 200, '0');
INSERT INTO b_item_price VALUES ('1759997606375', '', '1740000001614', '2549-01-31', 200, '0');
INSERT INTO b_item_price VALUES ('1759997606376', '', '1740000001615', '2549-01-31', 200, '0');
INSERT INTO b_item_price VALUES ('1759997606377', '', '1740000001616', '2549-01-31', 200, '0');
INSERT INTO b_item_price VALUES ('1759997606378', '', '1740000001617', '2549-01-31', 200, '0');
INSERT INTO b_item_price VALUES ('1759997606379', '', '1740000001618', '2549-01-31', 200, '0');
INSERT INTO b_item_price VALUES ('1759997606380', '', '1740000001619', '2549-01-31', 200, '0');
INSERT INTO b_item_price VALUES ('1759997606381', '', '1740000001620', '2549-01-31', 200, '0');
INSERT INTO b_item_price VALUES ('1759997606382', '', '1740000001621', '2549-01-31', 200, '0');
INSERT INTO b_item_price VALUES ('1759997606383', '', '1740000001622', '2549-01-31', 200, '0');
INSERT INTO b_item_price VALUES ('1759997606384', '', '1740000001623', '2549-01-31', 200, '0');
INSERT INTO b_item_price VALUES ('1759997606385', '', '1740000001624', '2549-01-31', 200, '0');
INSERT INTO b_item_price VALUES ('1759997606386', '', '1740000001625', '2549-01-31', 200, '0');
INSERT INTO b_item_price VALUES ('1759997606387', '', '1740000001626', '2549-01-31', 200, '0');
INSERT INTO b_item_price VALUES ('1759997606388', '', '1740000001627', '2549-01-31', 200, '0');
INSERT INTO b_item_price VALUES ('1759997606389', '', '1740000001628', '2549-01-31', 200, '0');
INSERT INTO b_item_price VALUES ('1759997606390', '', '1740000001629', '2549-01-31', 200, '0');
INSERT INTO b_item_price VALUES ('1759997606391', '', '1740000001630', '2549-01-31', 200, '0');
INSERT INTO b_item_price VALUES ('1759997606392', '', '1740000001631', '2549-01-31', 200, '0');
INSERT INTO b_item_price VALUES ('1759997606393', '', '1740000001632', '2549-01-31', 200, '0');
INSERT INTO b_item_price VALUES ('1759997606394', '', '1740000001633', '2549-01-31', 200, '0');
INSERT INTO b_item_price VALUES ('1759997606395', '', '1740000001634', '2549-01-31', 200, '0');
INSERT INTO b_item_price VALUES ('1759997606396', '', '1740000001635', '2549-01-31', 200, '0');
INSERT INTO b_item_price VALUES ('1759997606397', '', '1740000001636', '2549-01-31', 200, '0');
INSERT INTO b_item_price VALUES ('1759997606398', '', '1740000001637', '2549-01-31', 200, '0');
INSERT INTO b_item_price VALUES ('1759997606399', '', '1740000001638', '2549-01-31', 200, '0');
INSERT INTO b_item_price VALUES ('1759997606400', '', '1740000001639', '2549-01-31', 200, '0');
INSERT INTO b_item_price VALUES ('1759997606401', '', '1740000001640', '2549-01-31', 200, '0');
INSERT INTO b_item_price VALUES ('1759997606402', '', '1740000001641', '2549-01-31', 200, '0');
INSERT INTO b_item_price VALUES ('1759997606403', '', '1740000001642', '2549-01-31', 200, '0');
INSERT INTO b_item_price VALUES ('1759997606404', '', '1740000001643', '2549-01-31', 200, '0');
INSERT INTO b_item_price VALUES ('1759997606405', '', '1740000001644', '2549-01-31', 200, '0');
INSERT INTO b_item_price VALUES ('1759997606406', '', '1740000001645', '2549-01-31', 200, '0');
INSERT INTO b_item_price VALUES ('1759997606407', '', '1740000001646', '2549-01-31', 200, '0');
INSERT INTO b_item_price VALUES ('1759997606408', '', '1740000001647', '2549-01-31', 200, '0');
INSERT INTO b_item_price VALUES ('1759997606409', '', '1740000001648', '2549-01-31', 200, '0');
INSERT INTO b_item_price VALUES ('1759997606410', '', '1740000001649', '2549-01-31', 200, '0');
INSERT INTO b_item_price VALUES ('1759997606411', '', '1740000001650', '2549-01-31', 200, '0');
INSERT INTO b_item_price VALUES ('1759997606412', '', '1740000001651', '2549-01-31', 200, '0');
INSERT INTO b_item_price VALUES ('1759997606413', '', '1740000001652', '2549-01-31', 200, '0');
INSERT INTO b_item_price VALUES ('1759997606414', '', '1740000001653', '2549-01-31', 200, '0');
INSERT INTO b_item_price VALUES ('1759997606415', '', '1740000001654', '2549-01-31', 200, '0');
INSERT INTO b_item_price VALUES ('1759997606416', '', '1740000001655', '2549-01-31', 200, '0');
INSERT INTO b_item_price VALUES ('1759997606417', '', '1740000001656', '2549-01-31', 200, '0');
INSERT INTO b_item_price VALUES ('1759997606418', '', '1740000001657', '2549-01-31', 200, '0');
INSERT INTO b_item_price VALUES ('1759997606419', '', '1740000001658', '2549-01-31', 200, '0');
INSERT INTO b_item_price VALUES ('1759997606420', '', '1740000001659', '2549-01-31', 200, '0');
INSERT INTO b_item_price VALUES ('1759997606421', '', '1740000001660', '2549-01-31', 200, '0');
INSERT INTO b_item_price VALUES ('1759997606422', '', '1740000001661', '2549-01-31', 200, '0');
INSERT INTO b_item_price VALUES ('1759997606423', '', '1740000001662', '2549-01-31', 200, '0');
INSERT INTO b_item_price VALUES ('1759997606424', '', '1740000001663', '2549-01-31', 200, '0');
INSERT INTO b_item_price VALUES ('1759997606425', '', '1740000001664', '2549-01-31', 200, '0');
INSERT INTO b_item_price VALUES ('1759997606426', '', '1740000001665', '2549-01-31', 200, '0');
INSERT INTO b_item_price VALUES ('1759997606427', '', '1740000001666', '2549-01-31', 200, '0');
INSERT INTO b_item_price VALUES ('1759997606428', '', '1740000001667', '2549-01-31', 200, '0');
INSERT INTO b_item_price VALUES ('1759997606429', '', '1740000001668', '2549-01-31', 200, '0');
INSERT INTO b_item_price VALUES ('1759997606430', '', '1740000001669', '2549-01-31', 200, '0');
INSERT INTO b_item_price VALUES ('1759997606431', '', '1740000001670', '2549-01-31', 200, '0');
INSERT INTO b_item_price VALUES ('1759997606432', '', '1740000001671', '2549-01-31', 200, '0');
INSERT INTO b_item_price VALUES ('1759997606433', '', '1740000001672', '2549-01-31', 200, '0');
INSERT INTO b_item_price VALUES ('1759997606434', '', '1740000001673', '2549-01-31', 200, '0');
INSERT INTO b_item_price VALUES ('1759997606435', '', '1740000001674', '2549-01-31', 200, '0');
INSERT INTO b_item_price VALUES ('1759997606436', '', '1740000001675', '2549-01-31', 200, '0');
INSERT INTO b_item_price VALUES ('1759997606437', '', '1740000001676', '2549-01-31', 200, '0');
INSERT INTO b_item_price VALUES ('1759997606438', '', '1740000001677', '2549-01-31', 200, '0');
INSERT INTO b_item_price VALUES ('1759997606439', '', '1740000001678', '2549-01-31', 200, '0');
INSERT INTO b_item_price VALUES ('1759997606440', '', '1740000001679', '2549-01-31', 200, '0');
INSERT INTO b_item_price VALUES ('1759997606441', '', '1740000001680', '2549-01-31', 200, '0');
INSERT INTO b_item_price VALUES ('1759997606442', '', '1740000001681', '2549-01-31', 200, '0');
INSERT INTO b_item_price VALUES ('1759997606443', '', '1740000001682', '2549-01-31', 200, '0');
INSERT INTO b_item_price VALUES ('1759997606444', '', '1740000001683', '2549-01-31', 200, '0');
INSERT INTO b_item_price VALUES ('1759997606445', '', '1740000001684', '2549-01-31', 200, '0');
INSERT INTO b_item_price VALUES ('1759997606446', '', '1740000001685', '2549-01-31', 200, '0');
INSERT INTO b_item_price VALUES ('1759997606447', '', '1740000001686', '2549-01-31', 200, '0');
INSERT INTO b_item_price VALUES ('1759997606448', '', '1740000001687', '2549-01-31', 200, '0');
INSERT INTO b_item_price VALUES ('1759997606449', '', '1740000001688', '2549-01-31', 200, '0');
INSERT INTO b_item_price VALUES ('1759997606450', '', '1740000001689', '2549-01-31', 200, '0');
INSERT INTO b_item_price VALUES ('1759997606451', '', '1740000001690', '2549-01-31', 200, '0');
INSERT INTO b_item_price VALUES ('1759997606452', '', '1740000001691', '2549-01-31', 200, '0');
INSERT INTO b_item_price VALUES ('1759997606453', '', '1740000001692', '2549-01-31', 200, '0');
INSERT INTO b_item_price VALUES ('1759997606454', '', '1740000001693', '2549-01-31', 200, '0');
INSERT INTO b_item_price VALUES ('1759997606455', '', '1740000001694', '2549-01-31', 200, '0');
INSERT INTO b_item_price VALUES ('1759997606456', '', '1740000001695', '2549-01-31', 200, '0');
INSERT INTO b_item_price VALUES ('1759997606457', '', '1740000001696', '2549-01-31', 200, '0');
INSERT INTO b_item_price VALUES ('1759997606458', '', '1740000001697', '2549-01-31', 200, '0');
INSERT INTO b_item_price VALUES ('1759997606459', '', '1740000001698', '2549-01-31', 200, '0');
INSERT INTO b_item_price VALUES ('1759997606460', '', '1740000001699', '2549-01-31', 200, '0');
INSERT INTO b_item_price VALUES ('1759997606461', '', '1740000001700', '2549-01-31', 200, '0');
INSERT INTO b_item_price VALUES ('1759997606462', '', '1740000001701', '2549-01-31', 200, '0');
INSERT INTO b_item_price VALUES ('1759997606463', '', '1740000001702', '2549-01-31', 200, '0');
INSERT INTO b_item_price VALUES ('1759997606464', '', '1740000001703', '2549-01-31', 200, '0');
INSERT INTO b_item_price VALUES ('1759997606465', '', '1740000001704', '2549-01-31', 200, '0');
INSERT INTO b_item_price VALUES ('1759997606466', '', '1740000001705', '2549-01-31', 200, '0');
INSERT INTO b_item_price VALUES ('1759997606467', '', '1740000001706', '2549-01-31', 200, '0');
INSERT INTO b_item_price VALUES ('1759997606468', '', '1740000001707', '2549-01-31', 200, '0');
INSERT INTO b_item_price VALUES ('1759997606469', '', '1740000001708', '2549-01-31', 200, '0');
INSERT INTO b_item_price VALUES ('1759997606470', '', '1740000001709', '2549-01-31', 200, '0');
INSERT INTO b_item_price VALUES ('1759997606471', '', '1740000001710', '2549-01-31', 200, '0');
INSERT INTO b_item_price VALUES ('1759997606472', '', '1740000001711', '2549-01-31', 200, '0');
INSERT INTO b_item_price VALUES ('1759997606473', '', '1740000001712', '2549-01-31', 200, '0');
INSERT INTO b_item_price VALUES ('1759997606474', '', '1740000001713', '2549-01-31', 200, '0');
INSERT INTO b_item_price VALUES ('1759997606475', '', '1740000001714', '2549-01-31', 200, '0');
INSERT INTO b_item_price VALUES ('1759997606476', '', '1740000001715', '2549-01-31', 200, '0');
INSERT INTO b_item_price VALUES ('1759997606477', '', '1740000001716', '2549-01-31', 200, '0');
INSERT INTO b_item_price VALUES ('1759997606478', '', '1740000001717', '2549-01-31', 200, '0');
INSERT INTO b_item_price VALUES ('1759997606479', '', '1740000001718', '2549-01-31', 200, '0');
INSERT INTO b_item_price VALUES ('1759997606480', '', '1740000001719', '2549-01-31', 200, '0');
INSERT INTO b_item_price VALUES ('1759997606481', '', '1740000001720', '2549-01-31', 200, '0');
INSERT INTO b_item_price VALUES ('1759997606482', '', '1740000001721', '2549-01-31', 200, '0');
INSERT INTO b_item_price VALUES ('1759997606483', '', '1740000001722', '2549-01-31', 200, '0');
INSERT INTO b_item_price VALUES ('1759997606484', '', '1740000001723', '2549-01-31', 200, '0');
INSERT INTO b_item_price VALUES ('1759997606485', '', '1740000001724', '2549-01-31', 200, '0');
INSERT INTO b_item_price VALUES ('1759997606486', '', '1740000001725', '2549-01-31', 200, '0');
INSERT INTO b_item_price VALUES ('1759997606487', '', '1740000001726', '2549-01-31', 200, '0');
INSERT INTO b_item_price VALUES ('1759997606488', '', '1740000001727', '2549-01-31', 200, '0');
INSERT INTO b_item_price VALUES ('1759997606489', '', '1740000001728', '2549-01-31', 200, '0');
INSERT INTO b_item_price VALUES ('1759997606490', '', '1740000001729', '2549-01-31', 200, '0');
INSERT INTO b_item_price VALUES ('1759997606491', '', '1740000001730', '2549-01-31', 200, '0');
INSERT INTO b_item_price VALUES ('1759997606492', '', '1740000001731', '2549-01-31', 200, '0');
INSERT INTO b_item_price VALUES ('1759997606493', '', '1740000001732', '2549-01-31', 200, '0');
INSERT INTO b_item_price VALUES ('1759997606494', '', '1740000001733', '2549-01-31', 200, '0');
INSERT INTO b_item_price VALUES ('1759997606495', '', '1740000001734', '2549-01-31', 200, '0');
INSERT INTO b_item_price VALUES ('1759997606496', '', '1740000001735', '2549-01-31', 200, '0');
INSERT INTO b_item_price VALUES ('1759997606497', '', '1740000001736', '2549-01-31', 200, '0');
INSERT INTO b_item_price VALUES ('1759997606498', '', '1740000001737', '2549-01-31', 200, '0');
INSERT INTO b_item_price VALUES ('1759997606499', '', '1740000001738', '2549-01-31', 200, '0');
INSERT INTO b_item_price VALUES ('1759997606500', '', '1740000001739', '2549-01-31', 200, '0');
INSERT INTO b_item_price VALUES ('1759997606501', '', '1740000001740', '2549-01-31', 200, '0');
INSERT INTO b_item_price VALUES ('1759997606502', '', '1740000001741', '2549-01-31', 200, '0');
INSERT INTO b_item_price VALUES ('1759997606503', '', '1740000001742', '2549-01-31', 200, '0');
INSERT INTO b_item_price VALUES ('1759997606504', '', '1740000001743', '2549-01-31', 200, '0');
INSERT INTO b_item_price VALUES ('1759997606505', '', '1740000001744', '2549-01-31', 200, '0');
INSERT INTO b_item_price VALUES ('1759997606506', '', '1740000001745', '2549-01-31', 200, '0');
INSERT INTO b_item_price VALUES ('1759997606507', '', '1740000001746', '2549-01-31', 200, '0');
INSERT INTO b_item_price VALUES ('1759997606508', '', '1740000001747', '2549-01-31', 200, '0');
INSERT INTO b_item_price VALUES ('1759997606509', '', '1740000001748', '2549-01-31', 200, '0');
INSERT INTO b_item_price VALUES ('1759997606510', '', '1740000001749', '2549-01-31', 200, '0');
INSERT INTO b_item_price VALUES ('1759997606511', '', '1740000001750', '2549-01-31', 200, '0');
INSERT INTO b_item_price VALUES ('1759997606512', '', '1740000001751', '2549-01-31', 200, '0');
INSERT INTO b_item_price VALUES ('1759997606513', '', '1740000001752', '2549-01-31', 200, '0');
INSERT INTO b_item_price VALUES ('1759997606514', '', '1740000001753', '2549-01-31', 200, '0');
INSERT INTO b_item_price VALUES ('1759997606515', '', '1740000001754', '2549-01-31', 200, '0');
INSERT INTO b_item_price VALUES ('1759997606516', '', '1740000001755', '2549-01-31', 200, '0');
INSERT INTO b_item_price VALUES ('1759997606517', '', '1740000001756', '2549-01-31', 200, '0');
INSERT INTO b_item_price VALUES ('1759997606518', '', '1740000001757', '2549-01-31', 200, '0');
INSERT INTO b_item_price VALUES ('1759997606519', '', '1740000001758', '2549-01-31', 200, '0');
INSERT INTO b_item_price VALUES ('1759997606520', '', '1740000001759', '2549-01-31', 200, '0');
INSERT INTO b_item_price VALUES ('1759997606521', '', '1740000001760', '2549-01-31', 200, '0');
INSERT INTO b_item_price VALUES ('1759997606522', '', '1740000001761', '2549-01-31', 200, '0');
INSERT INTO b_item_price VALUES ('1759997606523', '', '1740000001762', '2549-01-31', 200, '0');
INSERT INTO b_item_price VALUES ('1759997606524', '', '1740000001763', '2549-01-31', 200, '0');
INSERT INTO b_item_price VALUES ('1759997606525', '', '1740000001764', '2549-01-31', 200, '0');
INSERT INTO b_item_price VALUES ('1759997606526', '', '1740000001765', '2549-01-31', 200, '0');
INSERT INTO b_item_price VALUES ('1759997606527', '', '1740000001766', '2549-01-31', 200, '0');
INSERT INTO b_item_price VALUES ('1759997606528', '', '1740000001767', '2549-01-31', 200, '0');
INSERT INTO b_item_price VALUES ('1759997606529', '', '1740000001768', '2549-01-31', 200, '0');
INSERT INTO b_item_price VALUES ('1759997606530', '', '1740000001769', '2549-01-31', 200, '0');
INSERT INTO b_item_price VALUES ('1759997606531', '', '1740000001770', '2549-01-31', 200, '0');
INSERT INTO b_item_price VALUES ('1759997606532', '', '1740000001771', '2549-01-31', 200, '0');
INSERT INTO b_item_price VALUES ('1759997606533', '', '1740000001772', '2549-01-31', 200, '0');
INSERT INTO b_item_price VALUES ('1759997606534', '', '1740000001773', '2549-01-31', 200, '0');
INSERT INTO b_item_price VALUES ('1759997606535', '', '1740000001774', '2549-01-31', 200, '0');
INSERT INTO b_item_price VALUES ('1759997606536', '', '1740000001775', '2549-01-31', 200, '0');
INSERT INTO b_item_price VALUES ('1759997606537', '', '1740000001776', '2549-01-31', 200, '0');
INSERT INTO b_item_price VALUES ('1759997606538', '', '1740000001777', '2549-01-31', 200, '0');
INSERT INTO b_item_price VALUES ('1759997606539', '', '1740000001778', '2549-01-31', 200, '0');
INSERT INTO b_item_price VALUES ('1759997606540', '', '1740000001779', '2549-01-31', 200, '0');
INSERT INTO b_item_price VALUES ('1759997606541', '', '1740000001780', '2549-01-31', 200, '0');
INSERT INTO b_item_price VALUES ('1759997606542', '', '1740000001781', '2549-01-31', 200, '0');
INSERT INTO b_item_price VALUES ('1759997606543', '', '1740000001782', '2549-01-31', 200, '0');
INSERT INTO b_item_price VALUES ('1759997606544', '', '1740000001783', '2549-01-31', 200, '0');
INSERT INTO b_item_price VALUES ('1759997606545', '', '1740000001784', '2549-01-31', 200, '0');
INSERT INTO b_item_price VALUES ('1759997606546', '', '1740000001785', '2549-01-31', 200, '0');
INSERT INTO b_item_price VALUES ('1759997606547', '', '1740000001786', '2549-01-31', 200, '0');
INSERT INTO b_item_price VALUES ('1759997606548', '', '1740000001787', '2549-01-31', 200, '0');
INSERT INTO b_item_price VALUES ('1759997606549', '', '1740000001788', '2549-01-31', 200, '0');
INSERT INTO b_item_price VALUES ('1759997606550', '', '1740000001789', '2549-01-31', 200, '0');
INSERT INTO b_item_price VALUES ('1759997606551', '', '1740000001790', '2549-01-31', 200, '0');

--สร้างตาราง s_dental_version 
CREATE TABLE s_dental_version (
    s_dental_version_id character varying(255) NOT NULL,
    dental_version_number character varying(255),
    dental_version_description character varying(255),
    dental_version_application_number character varying(255),
    dental_version_database_number character varying(255),
    dental_version_update_time character varying(255)
);
INSERT INTO s_dental_version VALUES ('9730000000001', '1', 'Dental Module', '1.01.300106', '1.01.300106', '2549-01-30 18:00:00');

------------------------------------------END OF Version 1.01.300106---------------------------------------------------
